target,model,contrast_candidate,feature,r_squared,adj_r_squared,raw_coef,std_coef,std_error_ols,std_error_hc3,t_stat_hc3,p_value_hc3,ci_95_hc3_lower,ci_95_hc3_upper,ci_95_boot_lower,ci_95_boot_upper,std_coef_no_influential,vif,bp_hetero_pvalue,jb_normality_pvalue,influential_cases_count,p_value_holm
morphological_difficulty_class_a,Model_1_Univariate,delta_l,delta_l,0.0057,0.0006,0.0003,0.0756,0.0003,0.0003,1.0952,0.2747916549717966,-0.0003,0.0009,-0.0002,0.0009,-0.0128,1.0,0.238,0.0013,14,0.2747916549717966
morphological_difficulty_class_a,Model_2_Controlled_FST,delta_l,delta_l,0.0163,0.0011,-0.0003,-0.0622,0.0006,0.0003,-0.893,0.37296899010088747,-0.0009,0.0003,-0.0009,0.0003,-0.1049,3.41,0.3167,0.0015,12,0.37296899010088747
morphological_difficulty_class_a,Model_2_Controlled_FST,delta_l,fst_medium,0.0163,0.0011,-0.0167,-0.1152,0.0134,0.0123,-1.3565,0.176519717548552,-0.041,0.0076,-0.0407,0.0085,-0.1679,1.69,0.3167,0.0015,12,0.176519717548552
morphological_difficulty_class_a,Model_2_Controlled_FST,delta_l,fst_dark,0.0163,0.0011,-0.0316,-0.2035,0.0236,0.015,-2.1116,0.03600277567978538,-0.0612,-0.0021,-0.0648,-0.0025,-0.2167,4.55,0.3167,0.0015,12,0.03600277567978538
morphological_difficulty_class_a,Model_3_Full_Confounders,delta_l,delta_l,0.2782,0.2594,0.0,0.0018,0.0006,0.0004,0.0197,0.9842940354525997,-0.0008,0.0008,-0.0007,0.0009,0.0308,5.26,0.0,0.0,10,1.0
morphological_difficulty_class_a,Model_3_Full_Confounders,delta_l,fst_medium,0.2782,0.2594,-0.0101,-0.0696,0.0126,0.0123,-0.8191,0.4137302422807163,-0.0343,0.0142,-0.0343,0.015,-0.0961,2.02,0.0,0.0,10,0.4137302422807163
morphological_difficulty_class_a,Model_3_Full_Confounders,delta_l,fst_dark,0.2782,0.2594,-0.0074,-0.0477,0.0242,0.016,-0.4639,0.6432631685273302,-0.039,0.0241,-0.0397,0.025,-0.0386,6.44,0.0,0.0,10,0.6432631685273302
morphological_difficulty_class_a,Model_3_Full_Confounders,delta_l,lesion_size,0.2782,0.2594,-1.0945,-0.5185,0.1316,0.3852,-2.8415,0.004975550982105226,-1.8543,-0.3348,-2.2754,-0.6999,-0.6701,1.03,0.0,0.0,10,0.004975550982105226
morphological_difficulty_class_a,Model_3_Full_Confounders,delta_l,artifacts,0.2782,0.2594,0.0051,0.0124,0.0319,0.0238,0.2161,0.8291345155974037,-0.0418,0.0521,-0.0397,0.0548,-0.0099,1.57,0.0,0.0,10,0.8291345155974037
morphological_difficulty_class_a,Model_1_Univariate,delta_ita,delta_ita,0.0018,-0.0033,0.0001,0.0421,0.0001,0.0001,0.6813,0.4964944836388072,-0.0001,0.0002,-0.0001,0.0002,0.0129,1.0,0.1903,0.0011,12,0.4964944836388072
morphological_difficulty_class_a,Model_2_Controlled_FST,delta_ita,delta_ita,0.0177,0.0025,-0.0001,-0.0742,0.0001,0.0001,-1.3004,0.19500071556376164,-0.0002,0.0,-0.0003,0.0,-0.1015,2.15,0.2716,0.0017,12,0.19500071556376164
morphological_difficulty_class_a,Model_2_Controlled_FST,delta_ita,fst_medium,0.0177,0.0025,-0.0157,-0.1086,0.0124,0.0125,-1.2575,0.21007128968137279,-0.0404,0.0089,-0.0397,0.0087,-0.1531,1.46,0.2716,0.0017,12,0.21007128968137279
morphological_difficulty_class_a,Model_2_Controlled_FST,delta_ita,fst_dark,0.0177,0.0025,-0.0316,-0.2033,0.0185,0.0145,-2.181,0.030388780146306082,-0.0602,-0.003,-0.0658,-0.0047,-0.1974,2.78,0.2716,0.0017,12,0.030388780146306082
morphological_difficulty_class_a,Model_3_Full_Confounders,delta_ita,delta_ita,0.2782,0.2594,0.0,0.0002,0.0002,0.0001,0.0021,0.9983079051383217,-0.0002,0.0002,-0.0002,0.0002,0.029,4.52,0.0,0.0,10,1.0
morphological_difficulty_class_a,Model_3_Full_Confounders,delta_ita,fst_medium,0.2782,0.2594,-0.0102,-0.0701,0.0114,0.0122,-0.8355,0.4045021123156127,-0.0341,0.0138,-0.0336,0.0145,-0.0822,1.65,0.0,0.0,10,0.4045021123156127
morphological_difficulty_class_a,Model_3_Full_Confounders,delta_ita,fst_dark,0.2782,0.2594,-0.0077,-0.0493,0.0203,0.0158,-0.486,0.6275024020490001,-0.0388,0.0235,-0.0394,0.0226,-0.0311,4.54,0.0,0.0,10,0.6275024020490001
morphological_difficulty_class_a,Model_3_Full_Confounders,delta_ita,lesion_size,0.2782,0.2594,-1.0945,-0.5185,0.1316,0.3863,-2.8335,0.005095784692265459,-1.8564,-0.3326,-2.2791,-0.7014,-0.6614,1.03,0.0,0.0,10,0.005095784692265459
morphological_difficulty_class_a,Model_3_Full_Confounders,delta_ita,artifacts,0.2782,0.2594,0.0049,0.0119,0.0372,0.0303,0.1629,0.8707559094117214,-0.0549,0.0648,-0.0525,0.0677,-0.0053,2.14,0.0,0.0,10,0.8707559094117214
morphological_difficulty_class_a,Model_1_Univariate,delta_e_ab,delta_e_ab,0.0156,0.0106,0.0004,0.1248,0.0002,0.0002,2.1758,0.030769896772854466,0.0,0.0008,0.0001,0.0009,0.0726,1.0,0.4854,0.0031,10,0.030769896772854466
morphological_difficulty_class_a,Model_2_Controlled_FST,delta_e_ab,delta_e_ab,0.0192,0.004,0.0003,0.084,0.0003,0.0002,1.8211,0.07013692481097822,-0.0,0.0006,-0.0,0.0006,0.0687,1.73,0.2743,0.0019,10,0.07013692481097822
morphological_difficulty_class_a,Model_2_Controlled_FST,delta_e_ab,fst_medium,0.0192,0.004,-0.0102,-0.0704,0.0129,0.0132,-0.7737,0.44007722111334413,-0.0362,0.0158,-0.0353,0.0149,-0.1293,1.58,0.2743,0.0019,10,0.44007722111334413
morphological_difficulty_class_a,Model_2_Controlled_FST,delta_e_ab,fst_dark,0.0192,0.004,-0.0124,-0.0799,0.0171,0.0142,-0.8731,0.3836979408877714,-0.0405,0.0156,-0.04,0.0134,-0.0761,2.4,0.2743,0.0019,10,0.3836979408877714
morphological_difficulty_class_a,Model_3_Full_Confounders,delta_e_ab,delta_e_ab,0.2782,0.2594,-0.0,-0.004,0.0004,0.0003,-0.0456,0.9636639423185667,-0.0006,0.0006,-0.0007,0.0005,-0.0589,4.02,0.0,0.0,12,1.0
morphological_difficulty_class_a,Model_3_Full_Confounders,delta_e_ab,fst_medium,0.2782,0.2594,-0.0103,-0.0711,0.0114,0.0109,-0.9444,0.3461627750114493,-0.0318,0.0112,-0.0321,0.0092,-0.0993,1.65,0.0,0.0,12,0.3461627750114493
morphological_difficulty_class_a,Model_3_Full_Confounders,delta_e_ab,fst_dark,0.2782,0.2594,-0.0082,-0.0524,0.018,0.0142,-0.573,0.5673099812272064,-0.0362,0.0199,-0.0379,0.016,-0.081,3.57,0.0,0.0,12,0.5673099812272064
morphological_difficulty_class_a,Model_3_Full_Confounders,delta_e_ab,lesion_size,0.2782,0.2594,-1.0948,-0.5186,0.1319,0.3878,-2.823,0.00525941799233598,-1.8598,-0.3299,-2.2763,-0.6962,-0.6755,1.04,0.0,0.0,12,0.00525941799233598
morphological_difficulty_class_a,Model_3_Full_Confounders,delta_e_ab,artifacts,0.2782,0.2594,0.0059,0.0141,0.039,0.0332,0.1767,0.859917167313637,-0.0596,0.0713,-0.0571,0.0738,0.0329,2.35,0.0,0.0,12,0.859917167313637
morphological_difficulty_class_a,Model_1_Univariate,delta_a,delta_a,0.0013,-0.0038,0.0002,0.0357,0.0005,0.0003,0.9034,0.36741819108539486,-0.0003,0.0008,-0.0003,0.0007,0.0258,1.0,0.0671,0.0012,5,0.36741819108539486
morphological_difficulty_class_a,Model_2_Controlled_FST,delta_a,delta_a,0.0193,0.0041,0.0004,0.0659,0.0005,0.0002,1.7555,0.08075324884769297,-0.0001,0.0009,-0.0,0.0009,0.0604,1.05,0.2424,0.002,11,0.08075324884769297
morphological_difficulty_class_a,Model_2_Controlled_FST,delta_a,fst_medium,0.0193,0.0041,-0.0156,-0.1076,0.0123,0.0126,-1.2362,0.21788850592096343,-0.0405,0.0093,-0.0396,0.0086,-0.1394,1.43,0.2424,0.002,11,0.21788850592096343
morphological_difficulty_class_a,Model_2_Controlled_FST,delta_a,fst_dark,0.0193,0.0041,-0.025,-0.1609,0.0134,0.0137,-1.8193,0.07040102518957347,-0.0521,0.0021,-0.0529,0.001,-0.1235,1.47,0.2424,0.002,11,0.07040102518957347
morphological_difficulty_class_a,Model_3_Full_Confounders,delta_a,delta_a,0.2782,0.2594,0.0,0.0021,0.0007,0.0005,0.0273,0.9782158170877309,-0.001,0.001,-0.001,0.0009,-0.028,2.82,0.0,0.0,11,1.0
morphological_difficulty_class_a,Model_3_Full_Confounders,delta_a,fst_medium,0.2782,0.2594,-0.0102,-0.0707,0.0113,0.0125,-0.8228,0.41161767380596204,-0.0348,0.0143,-0.034,0.0143,-0.062,1.63,0.0,0.0,11,0.41161767380596204
morphological_difficulty_class_a,Model_3_Full_Confounders,delta_a,fst_dark,0.2782,0.2594,-0.0078,-0.0501,0.0124,0.0123,-0.6328,0.5276087748516725,-0.0321,0.0165,-0.0312,0.0162,-0.0296,1.7,0.0,0.0,11,0.5276087748516725
morphological_difficulty_class_a,Model_3_Full_Confounders,delta_a,lesion_size,0.2782,0.2594,-1.0943,-0.5184,0.1319,0.3877,-2.8226,0.005265177125728826,-1.859,-0.3296,-2.2767,-0.6956,-0.6685,1.04,0.0,0.0,11,0.005265177125728826
morphological_difficulty_class_a,Model_3_Full_Confounders,delta_a,artifacts,0.2782,0.2594,0.0042,0.0102,0.0419,0.0359,0.1179,0.9062538513583971,-0.0666,0.0751,-0.0638,0.0778,0.0119,2.71,0.0,0.0,11,0.9062538513583971
morphological_difficulty_class_a,Model_1_Univariate,delta_b,delta_b,0.0044,-0.0007,-0.0002,-0.0662,0.0002,0.0001,-1.8328,0.06834742780291747,-0.0004,0.0,-0.0004,0.0,-0.0782,1.0,0.1435,0.0014,3,0.06834742780291747
morphological_difficulty_class_a,Model_2_Controlled_FST,delta_b,delta_b,0.019,0.0038,-0.0002,-0.0642,0.0002,0.0001,-1.6278,0.105196448057848,-0.0005,0.0,-0.0005,0.0,-0.0587,1.06,0.2448,0.002,11,0.105196448057848
morphological_difficulty_class_a,Model_2_Controlled_FST,delta_b,fst_medium,0.019,0.0038,-0.0117,-0.0811,0.0125,0.0131,-0.8978,0.37039802278595957,-0.0376,0.0141,-0.0363,0.014,-0.1157,1.47,0.2448,0.002,11,0.37039802278595957
morphological_difficulty_class_a,Model_2_Controlled_FST,delta_b,fst_dark,0.019,0.0038,-0.0223,-0.1432,0.0131,0.0137,-1.6291,0.10490619583652205,-0.0492,0.0047,-0.0496,0.0036,-0.1077,1.4,0.2448,0.002,11,0.10490619583652205
morphological_difficulty_class_a,Model_3_Full_Confounders,delta_b,delta_b,0.2782,0.2594,-0.0,-0.0042,0.0003,0.0002,-0.0545,0.9566286885693449,-0.0005,0.0005,-0.0005,0.0005,0.0294,2.77,0.0,0.0,11,1.0
morphological_difficulty_class_a,Model_3_Full_Confounders,delta_b,fst_medium,0.2782,0.2594,-0.0101,-0.0696,0.0108,0.0111,-0.9072,0.3654441815717515,-0.032,0.0118,-0.031,0.0103,-0.0734,1.48,0.0,0.0,11,0.3654441815717515
morphological_difficulty_class_a,Model_3_Full_Confounders,delta_b,fst_dark,0.2782,0.2594,-0.0077,-0.0496,0.0114,0.0116,-0.6648,0.5069474688422262,-0.0306,0.0152,-0.0304,0.0139,-0.0369,1.44,0.0,0.0,11,0.5069474688422262
morphological_difficulty_class_a,Model_3_Full_Confounders,delta_b,lesion_size,0.2782,0.2594,-1.0942,-0.5183,0.1318,0.3871,-2.8263,0.005206898592618581,-1.8578,-0.3306,-2.2776,-0.6963,-0.6685,1.04,0.0,0.0,11,0.005206898592618581
morphological_difficulty_class_a,Model_3_Full_Confounders,delta_b,artifacts,0.2782,0.2594,0.0036,0.0086,0.0413,0.0357,0.1005,0.9200477644790312,-0.0668,0.074,-0.064,0.0758,0.0126,2.63,0.0,0.0,11,0.9200477644790312
boundary_ambiguity_class_c,Model_1_Univariate,delta_l,delta_l,0.6389,0.637,-0.0121,-0.7993,0.0006,0.0012,-10.0206,0.0,-0.0144,-0.0097,-0.0144,-0.0098,-0.9316,1.0,0.0,0.0,7,0.0
boundary_ambiguity_class_c,Model_2_Controlled_FST,delta_l,delta_l,0.9321,0.931,-0.0003,-0.0206,0.0005,0.0004,-0.8063,0.4210707616498679,-0.0011,0.0005,-0.0013,0.0003,0.0028,3.41,0.0,0.0,10,0.4210707616498679
boundary_ambiguity_class_c,Model_2_Controlled_FST,delta_l,fst_medium,0.9321,0.931,0.0445,0.0868,0.0125,0.0058,7.6295,1.0342837697407958e-12,0.033,0.056,0.0305,0.0549,0.0928,1.69,0.0,0.0,10,1.0342837697407958e-12
boundary_ambiguity_class_c,Model_2_Controlled_FST,delta_l,fst_dark,0.9321,0.931,0.5455,0.9922,0.0219,0.019,28.6418,0.0,0.5079,0.583,0.5012,0.5801,1.0331,4.55,0.0,0.0,10,0.0
boundary_ambiguity_class_c,Model_3_Full_Confounders,delta_l,delta_l,0.9351,0.9334,-0.0008,-0.0546,0.0006,0.0012,-0.7033,0.4827217251985598,-0.0031,0.0015,-0.003,0.0008,-0.1024,5.26,0.0,0.0,13,0.4827217251985598
boundary_ambiguity_class_c,Model_3_Full_Confounders,delta_l,fst_medium,0.9351,0.9334,0.0363,0.0708,0.0134,0.0176,2.061,0.04064975709400942,0.0016,0.071,0.0036,0.0604,0.0447,2.02,0.0,0.0,13,0.04064975709400942
boundary_ambiguity_class_c,Model_3_Full_Confounders,delta_l,fst_dark,0.9351,0.9334,0.5219,0.9493,0.0257,0.0538,9.6947,0.0,0.4157,0.6281,0.4217,0.5975,0.9021,6.44,0.0,0.0,13,0.0
boundary_ambiguity_class_c,Model_3_Full_Confounders,delta_l,lesion_size,0.9351,0.9334,0.3734,0.05,0.1395,0.1327,2.8138,0.005405897529620285,0.1117,0.6351,0.1949,0.731,0.0434,1.03,0.0,0.0,13,0.005405897529620285
boundary_ambiguity_class_c,Model_3_Full_Confounders,delta_l,artifacts,0.9351,0.9334,-0.0393,-0.0268,0.0338,0.1132,-0.347,0.7289550440518249,-0.2626,0.184,-0.2209,0.1114,-0.0899,1.57,0.0,0.0,13,0.7289550440518249
boundary_ambiguity_class_c,Model_1_Univariate,delta_ita,delta_ita,0.5157,0.5132,-0.0031,-0.7181,0.0002,0.0005,-6.3895,1.1859326853880248e-09,-0.004,-0.0021,-0.0042,-0.0023,-0.9225,1.0,0.0,0.0,8,1.1859326853880248e-09
boundary_ambiguity_class_c,Model_2_Controlled_FST,delta_ita,delta_ita,0.9325,0.9315,-0.0001,-0.0345,0.0001,0.0002,-0.9833,0.3266768942146929,-0.0004,0.0001,-0.0005,0.0001,0.0008,2.15,0.0,0.0,11,0.3266768942146929
boundary_ambiguity_class_c,Model_2_Controlled_FST,delta_ita,fst_medium,0.9325,0.9315,0.0448,0.0875,0.0115,0.0058,7.7009,6.750155989720952e-13,0.0333,0.0563,0.0319,0.0557,0.0924,1.46,0.0,0.0,11,6.750155989720952e-13
boundary_ambiguity_class_c,Model_2_Controlled_FST,delta_ita,fst_dark,0.9325,0.9315,0.5411,0.9843,0.0171,0.0187,28.9397,0.0,0.5042,0.578,0.4991,0.5752,1.0312,2.78,0.0,0.0,11,0.0
boundary_ambiguity_class_c,Model_3_Full_Confounders,delta_ita,delta_ita,0.937,0.9353,-0.0005,-0.1057,0.0002,0.0003,-1.7719,0.0779947742399616,-0.001,0.0001,-0.001,-0.0001,-0.0985,4.52,0.0,0.0,14,0.1559895484799232
boundary_ambiguity_class_c,Model_3_Full_Confounders,delta_ita,fst_medium,0.937,0.9353,0.0335,0.0653,0.0119,0.0113,2.9593,0.003471169154841247,0.0112,0.0557,0.0115,0.0508,0.0566,1.65,0.0,0.0,14,0.003471169154841247
boundary_ambiguity_class_c,Model_3_Full_Confounders,delta_ita,fst_dark,0.937,0.9353,0.5031,0.9151,0.0212,0.0394,12.7794,0.0,0.4254,0.5807,0.4282,0.5649,0.9164,4.54,0.0,0.0,14,0.0
boundary_ambiguity_class_c,Model_3_Full_Confounders,delta_ita,lesion_size,0.937,0.9353,0.3848,0.0515,0.1376,0.1376,2.7956,0.0057059800176826325,0.1133,0.6562,0.2076,0.7485,0.0434,1.03,0.0,0.0,14,0.0057059800176826325
boundary_ambiguity_class_c,Model_3_Full_Confounders,delta_ita,artifacts,0.937,0.9353,-0.0905,-0.0617,0.0389,0.1106,-0.818,0.4143904667192606,-0.3086,0.1277,-0.2718,0.0688,-0.0883,2.14,0.0,0.0,14,0.4143904667192606
boundary_ambiguity_class_c,Model_1_Univariate,delta_e_ab,delta_e_ab,0.3074,0.3039,-0.0069,-0.5544,0.0007,0.0016,-4.2837,2.878043901444194e-05,-0.0101,-0.0037,-0.0104,-0.0043,-0.9357,1.0,0.0,0.0,11,2.878043901444194e-05
boundary_ambiguity_class_c,Model_2_Controlled_FST,delta_e_ab,delta_e_ab,0.934,0.933,0.0007,0.06,0.0003,0.0007,1.0794,0.2817526108106505,-0.0006,0.0021,-0.0003,0.0021,0.0216,1.73,0.0,0.0,12,0.2817526108106505
boundary_ambiguity_class_c,Model_2_Controlled_FST,delta_e_ab,fst_medium,0.934,0.933,0.0573,0.1119,0.0119,0.0106,5.4218,1.7411661135113832e-07,0.0365,0.0782,0.0397,0.0769,0.1013,1.58,0.0,0.0,12,1.7411661135113832e-07
boundary_ambiguity_class_c,Model_2_Controlled_FST,delta_e_ab,fst_dark,0.934,0.933,0.5815,1.0577,0.0157,0.0309,18.7985,0.0,0.5205,0.6425,0.5328,0.6426,1.0504,2.4,0.0,0.0,12,0.0
boundary_ambiguity_class_c,Model_3_Full_Confounders,delta_e_ab,delta_e_ab,0.9423,0.9408,0.0022,0.1773,0.0004,0.0008,2.6763,0.008088069882294935,0.0006,0.0038,0.0009,0.0039,0.1292,4.02,0.0,0.0,16,0.024264209646884805
boundary_ambiguity_class_c,Model_3_Full_Confounders,delta_e_ab,fst_medium,0.9423,0.9408,0.0671,0.1309,0.0114,0.0118,5.7007,4.4411151423062734e-08,0.0439,0.0903,0.0485,0.0909,0.1205,1.65,0.0,0.0,16,4.4411151423062734e-08
boundary_ambiguity_class_c,Model_3_Full_Confounders,delta_e_ab,fst_dark,0.9423,0.9408,0.6221,1.1316,0.018,0.0329,18.9126,0.0,0.5573,0.687,0.5735,0.6955,1.1231,3.57,0.0,0.0,16,0.0
boundary_ambiguity_class_c,Model_3_Full_Confounders,delta_e_ab,lesion_size,0.9423,0.9408,0.4216,0.0565,0.1319,0.1497,2.8159,0.005372279786279854,0.1263,0.717,0.227,0.8151,0.0314,1.04,0.0,0.0,16,0.005372279786279854
boundary_ambiguity_class_c,Model_3_Full_Confounders,delta_e_ab,artifacts,0.9423,0.9408,-0.163,-0.1111,0.039,0.062,-2.6267,0.009317903658012217,-0.2854,-0.0406,-0.2826,-0.0549,-0.093,2.35,0.0,0.0,16,0.009317903658012217
boundary_ambiguity_class_c,Model_1_Univariate,delta_a,delta_a,0.0453,0.0405,0.005,0.2129,0.0016,0.0022,2.27,0.024295224873714272,0.0007,0.0093,0.0011,0.0097,0.2985,1.0,0.0031,0.0,9,0.024295224873714272
boundary_ambiguity_class_c,Model_2_Controlled_FST,delta_a,delta_a,0.9332,0.9322,0.0008,0.0362,0.0004,0.0008,1.0028,0.3172300779930721,-0.0008,0.0025,-0.0005,0.0026,0.0059,1.05,0.0,0.0,12,0.3172300779930721
boundary_ambiguity_class_c,Model_2_Controlled_FST,delta_a,fst_medium,0.9332,0.9322,0.0446,0.0871,0.0114,0.006,7.4289,3.3952840539086537e-12,0.0328,0.0565,0.0326,0.0555,0.0917,1.43,0.0,0.0,12,3.3952840539086537e-12
boundary_ambiguity_class_c,Model_2_Controlled_FST,delta_a,fst_dark,0.9332,0.9322,0.5512,1.0026,0.0124,0.0139,39.5153,0.0,0.5237,0.5787,0.5213,0.5791,1.0292,1.47,0.0,0.0,12,0.0
boundary_ambiguity_class_c,Model_3_Full_Confounders,delta_a,delta_a,0.9406,0.9391,0.0031,0.1313,0.0007,0.001,3.206,0.0015768687141857196,0.0012,0.005,0.0014,0.0053,0.087,2.82,0.0,0.0,16,0.007884343570928598
boundary_ambiguity_class_c,Model_3_Full_Confounders,delta_a,fst_medium,0.9406,0.9391,0.0276,0.0538,0.0115,0.0086,3.2038,0.0015883494729047598,0.0106,0.0445,0.0112,0.0427,0.0463,1.63,0.0,0.0,16,0.0015883494729047598
boundary_ambiguity_class_c,Model_3_Full_Confounders,delta_a,fst_dark,0.9406,0.9391,0.5293,0.9628,0.0126,0.0183,28.9672,0.0,0.4933,0.5654,0.495,0.563,0.9737,1.7,0.0,0.0,16,0.0
boundary_ambiguity_class_c,Model_3_Full_Confounders,delta_a,lesion_size,0.9406,0.9391,0.4119,0.0552,0.1337,0.1465,2.8111,0.005448895667167664,0.1229,0.701,0.2229,0.8043,0.0436,1.04,0.0,0.0,16,0.005448895667167664
boundary_ambiguity_class_c,Model_3_Full_Confounders,delta_a,artifacts,0.9406,0.9391,-0.1625,-0.1108,0.0425,0.0832,-1.9538,0.052173208494549206,-0.3266,0.0015,-0.3098,-0.0232,-0.1008,2.71,0.0,0.0,16,0.052173208494549206
boundary_ambiguity_class_c,Model_1_Univariate,delta_b,delta_b,0.0191,0.0141,-0.0016,-0.1381,0.0008,0.0011,-1.4136,0.1590753446269666,-0.0038,0.0006,-0.0039,0.0003,-0.1831,1.0,0.004,0.0,10,0.1590753446269666
boundary_ambiguity_class_c,Model_2_Controlled_FST,delta_b,delta_b,0.9332,0.9322,-0.0004,-0.0364,0.0002,0.0004,-1.0307,0.3039707889589325,-0.0012,0.0004,-0.0012,0.0002,-0.0077,1.06,0.0,0.0,12,0.3039707889589325
boundary_ambiguity_class_c,Model_2_Controlled_FST,delta_b,fst_medium,0.9332,0.9322,0.0522,0.1019,0.0115,0.0071,7.3891,4.289457677941755e-12,0.0383,0.0662,0.04,0.0652,0.0956,1.47,0.0,0.0,12,4.289457677941755e-12
boundary_ambiguity_class_c,Model_2_Controlled_FST,delta_b,fst_dark,0.9332,0.9322,0.5565,1.0123,0.0121,0.0145,38.3612,0.0,0.5279,0.5851,0.5252,0.584,1.0314,1.4,0.0,0.0,12,0.0
boundary_ambiguity_class_c,Model_3_Full_Confounders,delta_b,delta_b,0.9404,0.9388,-0.0014,-0.1272,0.0003,0.0005,-3.1006,0.0022217782729461177,-0.0024,-0.0005,-0.0025,-0.0007,-0.0908,2.77,0.0,0.0,16,0.008887113091784471
boundary_ambiguity_class_c,Model_3_Full_Confounders,delta_b,fst_medium,0.9404,0.9388,0.0549,0.1071,0.011,0.0075,7.2901,7.87236942301206e-12,0.04,0.0697,0.0419,0.0695,0.1026,1.48,0.0,0.0,16,7.87236942301206e-12
boundary_ambiguity_class_c,Model_3_Full_Confounders,delta_b,fst_dark,0.9404,0.9388,0.5489,0.9984,0.0116,0.0157,34.8694,0.0,0.5178,0.5799,0.5181,0.5792,1.0114,1.44,0.0,0.0,16,0.0
boundary_ambiguity_class_c,Model_3_Full_Confounders,delta_b,lesion_size,0.9404,0.9388,0.406,0.0544,0.134,0.1449,2.8022,0.005595043463627158,0.1202,0.6918,0.222,0.7991,0.0333,1.04,0.0,0.0,16,0.005595043463627158
boundary_ambiguity_class_c,Model_3_Full_Confounders,delta_b,artifacts,0.9404,0.9388,-0.1558,-0.1062,0.0419,0.0861,-1.809,0.07201416998800192,-0.3256,0.0141,-0.3033,-0.016,-0.1031,2.63,0.0,0.0,16,0.07201416998800192
