image_id,skin_tone_group,split_name,image_height,image_width,bbox_xmin,bbox_ymin,bbox_xmax,bbox_ymax,bbox_width,bbox_height,lesion_pixels,lesion_area_fraction,core_lesion_purity,skin_percentage,lesion_spillover,marker_contamination,ruler_contamination,other_background_percentage,invalid_empty_fraction,skin_proxy_purity,has_marker,has_ruler,delta_l,delta_ita,delta_e_ab,delta_a,delta_b,delta_l_clean,delta_ita_clean,delta_e_ab_clean,delta_a_clean,delta_b_clean,core_valid_pixels,skin_valid_pixels,b_star_singular_pixels,morphological_difficulty_class_a,shape_complexity,contour_tortuosity,scale_difficulty,boundary_gradient,boundary_ambiguity_class_c,is_synthetic_rendering
000044,FST_I_II_Light,test_light,256,256,95,50,144,122,49,72,2862,0.043671,1.0,0.890266,0.0,0.0,0.109734,0.0,0.0,0.890266,False,True,55.0476,128.7418,55.2035,-3.1641,2.6797,54.8218,128.2659,54.9761,-2.8672,2.9531,900,4356,478,0.1499,0.1684,0.1159,0.1545,483.3995,0.0,True
000260,FST_I_II_Light,test_light,256,256,100,118,121,149,21,31,503,0.007675,1.0,1.0,0.0,0.0,0.0,0.0,0.0,1.0,False,False,54.9438,128.6608,55.0586,-2.4609,2.5625,54.9438,128.6608,55.0586,-2.4609,2.5625,165,806,0,0.3152,0.1988,0.1473,0.8582,482.8448,0.0,True
000261,FST_I_II_Light,test_light,256,256,116,123,142,144,26,21,409,0.006241,1.0,0.957278,0.0,0.0,0.042722,0.0,0.0,0.957278,False,True,55.13,129.7893,55.3106,-3.0625,3.25,55.0385,129.5648,55.2187,-2.9297,3.3594,154,632,27,0.3347,0.2263,0.1477,0.8859,500.1896,0.0,True
000265,FST_I_II_Light,test_light,256,256,8,142,71,177,63,35,1456,0.022217,1.0,0.919784,0.0,0.080216,0.0,0.0,0.0,0.919784,True,False,54.8523,128.634,54.9737,-2.25,2.875,54.8523,128.634,54.9936,-2.25,3.2344,527,2406,0,0.3381,0.3705,0.1241,0.5781,496.106,0.0,True
000270,FST_I_II_Light,test_light,256,256,114,124,131,137,17,13,172,0.002625,1.0,0.122047,0.0,0.877953,0.0,0.0,0.0,0.122047,True,False,-2.356,-95.1207,99.5562,42.8906,-89.8125,55.3223,131.2005,55.5614,-3.3906,3.875,63,254,0,0.3427,0.1975,0.1768,0.9544,423.2233,0.0,True
000273,FST_I_II_Light,test_light,256,256,137,102,147,113,10,11,77,0.001175,1.0,0.875,0.0,0.125,0.0,0.0,0.0,0.875,True,False,55.1666,129.992,55.2407,-1.7656,2.25,55.3314,130.5778,55.435,-1.8281,2.8516,30,128,0,0.3129,0.1357,0.163,0.9806,870.3943,0.0,True
000274,FST_I_II_Light,test_light,256,256,118,130,130,141,12,11,99,0.001511,1.0,0.724138,0.0,0.275862,0.0,0.0,0.0,0.724138,True,False,54.3121,127.2744,54.4286,-2.3516,2.6719,54.4952,128.316,54.6912,-2.75,3.7188,30,174,0,0.3456,0.2111,0.15,0.975,966.2554,0.0,True
000275,FST_I_II_Light,test_light,256,256,82,72,96,98,14,26,228,0.003479,0.940476,1.0,0.0,0.0,0.0,0.0,0.0,1.0,False,False,55.1086,130.548,55.316,-2.7422,3.9219,55.1086,130.548,55.316,-2.7422,3.9219,84,472,0,0.4737,0.4763,0.1591,0.9394,512.1413,0.0,True
000278,FST_I_II_Light,test_light,256,256,108,62,148,104,40,42,1150,0.017548,0.981818,0.797059,0.0,0.0,0.202941,0.0,0.0,0.797059,False,True,55.2277,129.2265,55.3658,-3.2656,2.1484,54.7821,129.0393,54.8829,-2.4688,2.2266,440,2040,414,0.3053,0.246,0.163,0.6672,491.5616,0.0,True
000280,FST_I_II_Light,test_light,256,256,158,119,174,127,16,8,81,0.001236,0.9375,0.8375,0.0,0.1625,0.0,0.0,0.0,0.8375,True,False,54.2023,126.2854,54.2638,-1.5469,2.0703,54.2847,127.6649,54.3499,-1.5703,2.1484,32,160,0,0.4713,0.4343,0.1935,0.9806,1109.4247,0.0,True
000283,FST_I_II_Light,test_light,256,256,125,109,147,131,22,22,281,0.004288,1.0,0.839286,0.0,0.160714,0.0,0.0,0.0,0.839286,True,False,54.657,127.4418,54.7133,-1.5,1.9766,55.0323,128.0525,55.1279,-2.0781,2.4922,100,672,0,0.429,0.4036,0.1411,0.9243,752.8323,0.0,True
000284,FST_I_II_Light,test_light,256,256,97,100,166,146,69,46,2224,0.033936,1.0,0.748761,0.0,0.055748,0.195491,0.0,0.0,0.748761,True,True,55.0873,128.7148,55.2124,-3.1406,1.9844,54.7974,127.9736,54.9164,-2.25,2.8281,770,4036,789,0.262,0.2984,0.1443,0.3475,531.4634,0.0,True
000288,FST_I_II_Light,test_light,256,256,98,200,117,219,19,19,255,0.003891,1.0,0.454167,0.0,0.545833,0.0,0.0,0.0,0.454167,True,False,-2.478,-98.1035,101.1867,44.0156,-91.0781,54.9316,127.7902,55.0332,-1.875,2.7656,81,480,0,0.2995,0.1391,0.1467,0.9298,1057.6954,0.0,True
000292,FST_I_II_Light,test_light,256,256,82,86,184,148,102,62,4487,0.068466,1.0,0.765702,0.0,0.234298,0.0,0.0,0.0,0.765702,True,False,54.6509,127.5548,54.724,-1.8672,2.125,54.8889,128.9917,54.9892,-2.1484,2.5312,1500,8152,0,0.2156,0.3659,0.1088,0.0,648.8129,0.0,True
000294,FST_I_II_Light,test_light,256,256,175,184,188,194,13,10,90,0.001373,0.952381,0.963235,0.0,0.036765,0.0,0.0,0.0,0.963235,True,False,54.1779,125.31,54.2129,-1.3594,1.3984,54.2175,125.31,54.2639,-1.5703,1.6016,42,136,0,0.4574,0.4318,0.1532,0.9779,756.8002,0.0,True
000303,FST_I_II_Light,test_light,256,256,116,125,140,139,24,14,228,0.003479,1.0,0.993421,0.0,0.006579,0.0,0.0,0.0,0.993421,True,False,55.1056,129.5883,55.2588,-2.4375,3.3125,55.1056,129.5883,55.2603,-2.4375,3.3359,72,456,0,0.3896,0.3088,0.1582,0.9385,504.1658,0.0,True
000304,FST_I_II_Light,test_light,256,256,115,115,148,144,33,29,698,0.010651,1.0,0.862609,0.0,0.137391,0.0,0.0,0.0,0.862609,True,False,54.7668,127.7144,54.8764,-2.1875,2.6875,54.8279,128.7126,54.9373,-2.1875,2.6875,255,1150,0,0.3074,0.2126,0.1366,0.8007,499.8531,0.0,True
000305,FST_I_II_Light,test_light,256,256,94,166,108,171,14,5,53,0.000809,1.0,0.880952,0.0,0.119048,0.0,0.0,0.0,0.880952,True,False,54.4891,126.2442,54.538,-1.6328,1.6328,54.4891,126.9882,54.5507,-1.9453,1.7109,18,84,0,0.4898,0.5119,0.1204,0.9886,1161.4142,0.0,True
000307,FST_I_II_Light,test_light,256,256,159,139,167,145,8,6,33,0.000504,1.0,0.597222,0.0,0.402778,0.0,0.0,0.0,0.597222,True,False,53.3752,125.5655,53.4546,-2.8438,0.625,54.4464,128.9147,54.7022,-4.7734,2.2656,8,72,0,0.3478,0.1915,0.1786,0.9927,1512.249,0.0,True
000308,FST_I_II_Light,test_light,256,256,146,128,222,180,76,52,2981,0.045486,1.0,1.0,0.0,0.0,0.0,0.0,0.0,1.0,False,False,55.0049,128.935,55.1622,-2.6875,3.1797,55.0049,128.935,55.1622,-2.6875,3.1797,988,4940,0,0.206,0.2828,0.1344,0.1212,497.5981,0.0,True
000311,FST_I_II_Light,test_light,256,256,107,119,129,132,22,13,182,0.002777,1.0,0.777778,0.0,0.222222,0.0,0.0,0.0,0.777778,True,False,54.7241,128.043,54.8156,-2.2031,2.2734,55.2185,128.9548,55.4154,-3.6016,2.9688,70,360,0,0.392,0.3093,0.157,0.9516,796.5037,0.0,True
000314,FST_I_II_Light,test_light,256,256,105,103,130,117,25,14,263,0.004013,1.0,1.0,0.0,0.0,0.0,0.0,0.0,1.0,False,False,55.0537,128.8869,55.2086,-2.3516,3.3984,55.0537,128.8869,55.2086,-2.3516,3.3984,78,464,0,0.3511,0.2545,0.1274,0.9284,497.937,0.0,True
000317,FST_I_II_Light,test_light,256,256,129,205,139,214,10,9,71,0.001083,1.0,1.0,0.0,0.0,0.0,0.0,0.0,1.0,False,False,55.2063,128.8996,55.3325,-2.625,2.6562,55.2063,128.8996,55.3325,-2.625,2.6562,30,92,0,0.3385,0.2058,0.13,0.9828,594.4494,0.0,True
000321,FST_I_II_Light,test_light,256,256,115,179,128,195,13,16,156,0.00238,1.0,0.879032,0.0,0.120968,0.0,0.0,0.0,0.879032,True,False,55.0049,128.3389,55.1202,-2.3125,2.7109,55.2032,129.1246,55.3581,-2.9297,2.9219,56,248,0,0.3178,0.1671,0.1419,0.9586,763.2682,0.0,True
000323,FST_I_II_Light,test_light,256,256,164,122,185,157,21,35,498,0.007599,1.0,0.746696,0.0,0.253304,0.0,0.0,0.0,0.746696,True,False,54.6692,129.0511,54.7702,-1.9141,2.7188,55.1819,130.2416,55.36,-2.8438,3.4062,187,908,0,0.3786,0.3369,0.1266,0.8607,564.9261,0.0,True
000326,FST_I_II_Light,test_light,256,256,108,167,121,179,13,12,118,0.001801,1.0,1.0,0.0,0.0,0.0,0.0,0.0,1.0,False,False,55.0385,129.285,55.1848,-2.8438,2.8359,55.0385,129.285,55.1848,-2.8438,2.8359,42,186,0,0.3153,0.1726,0.1172,0.9695,548.8164,0.0,True
000330,FST_I_II_Light,test_light,256,256,116,110,136,119,20,9,139,0.002121,1.0,1.0,0.0,0.0,0.0,0.0,0.0,1.0,False,False,55.1758,130.4344,55.3472,-2.0859,3.8203,55.1758,130.4344,55.3472,-2.0859,3.8203,50,210,0,0.3862,0.3137,0.1218,0.9641,507.9033,0.0,True
000335,FST_I_II_Light,test_light,256,256,90,174,153,252,63,78,3697,0.056412,1.0,0.991625,0.0,0.0,0.008375,0.0,0.0,0.991625,False,True,54.9347,128.4559,55.0589,-2.4531,2.7656,54.9164,128.4043,55.0414,-2.4062,2.8203,1178,4776,40,0.1092,0.145,0.1224,0.0,482.0848,0.0,True
000346,FST_I_II_Light,test_light,256,256,131,135,144,149,13,14,146,0.002228,1.0,1.0,0.0,0.0,0.0,0.0,0.0,1.0,False,False,54.9133,128.1387,55.0201,-2.3594,2.4844,54.9133,128.1387,55.0201,-2.3594,2.4844,42,236,0,0.2863,0.1151,0.1214,0.9614,482.9962,0.0,True
000349,FST_I_II_Light,test_light,256,256,101,102,127,146,26,44,925,0.014114,1.0,1.0,0.0,0.0,0.0,0.0,0.0,1.0,False,False,54.7882,128.587,54.915,-2.6953,2.5781,54.7882,128.587,54.915,-2.6953,2.5781,308,1364,0,0.2898,0.2196,0.1106,0.7342,482.4864,0.0,True
000354,FST_I_II_Light,test_light,256,256,101,122,134,173,33,51,1240,0.018921,1.0,1.0,0.0,0.0,0.0,0.0,0.0,1.0,False,False,54.7852,128.6129,54.9164,-2.2188,3.0781,54.7852,128.6129,54.9164,-2.2188,3.0781,425,2090,0,0.2893,0.2246,0.1631,0.6402,479.254,0.0,True
000355,FST_I_II_Light,test_light,256,256,69,82,102,127,33,45,1156,0.017639,1.0,0.734149,0.0,0.265851,0.0,0.0,0.0,0.734149,True,False,54.6143,127.991,54.6891,-1.6406,2.3438,55.0903,128.7508,55.287,-3.0938,3.4844,391,1798,0,0.2604,0.1725,0.1374,0.6648,620.7221,0.0,True
000358,FST_I_II_Light,test_light,256,256,55,146,71,171,16,25,312,0.004761,1.0,0.790984,0.0,0.209016,0.0,0.0,0.0,0.790984,True,False,54.6082,128.9688,54.7056,-1.8047,2.7188,54.7577,130.2431,54.8881,-2.1953,3.0781,104,488,0,0.3254,0.2089,0.1272,0.9141,900.0324,0.0,True
000366,FST_I_II_Light,test_light,256,256,108,95,161,160,53,65,2765,0.042191,1.0,1.0,0.0,0.0,0.0,0.0,0.0,1.0,False,False,54.8645,128.1272,54.9976,-2.6406,2.7656,54.8645,128.1272,54.9976,-2.6406,2.7656,891,4218,0,0.1456,0.1421,0.1265,0.183,484.5701,0.0,True
000370,FST_I_II_Light,test_light,256,256,143,97,165,116,22,19,336,0.005127,1.0,1.0,0.0,0.0,0.0,0.0,0.0,1.0,False,False,54.8798,128.2191,55.003,-2.4453,2.75,54.8798,128.2191,55.003,-2.4453,2.75,90,568,0,0.2876,0.1415,0.1184,0.9068,488.2512,0.0,True
000371,FST_I_II_Light,test_light,256,256,121,149,147,174,26,25,480,0.007324,1.0,0.861111,0.0,0.138889,0.0,0.0,0.0,0.861111,True,False,54.6783,127.8624,54.7612,-2.0,2.25,54.9744,128.5801,55.1099,-2.8047,2.6562,182,756,0,0.2932,0.1489,0.153,0.8643,562.5022,0.0,True
000373,FST_I_II_Light,test_light,256,256,144,118,159,128,15,10,106,0.001617,1.0,0.290698,0.0,0.709302,0.0,0.0,0.0,0.290698,True,False,-2.3773,-96.6454,100.4245,44.1094,-90.1875,55.191,129.0576,55.3903,-2.6719,3.8594,42,172,0,0.3656,0.2452,0.1613,0.973,932.5674,0.0,True
000375,FST_I_II_Light,test_light,256,256,146,109,168,123,22,14,234,0.003571,1.0,0.840909,0.0,0.159091,0.0,0.0,0.0,0.840909,True,False,54.7607,126.7325,54.814,-1.5234,1.875,55.1758,127.3024,55.2683,-2.0859,2.4219,60,440,0,0.3189,0.1899,0.1223,0.9364,781.198,0.0,True
000377,FST_I_II_Light,test_light,256,256,106,87,126,103,20,16,236,0.003601,1.0,0.91,0.0,0.09,0.0,0.0,0.0,0.91,True,False,54.8767,128.5848,55.0242,-2.7109,2.9766,55.0171,128.5848,55.2196,-3.2578,3.4219,80,400,0,0.35,0.2185,0.1786,0.9361,515.6109,0.0,True
000381,FST_I_II_Light,test_light,256,256,108,116,133,133,25,17,323,0.004929,1.0,1.0,0.0,0.0,0.0,0.0,0.0,1.0,False,False,55.2002,128.9897,55.3551,-2.9141,2.9375,55.2002,128.9897,55.3551,-2.9141,2.9375,117,500,0,0.334,0.213,0.1509,0.9109,491.9525,0.0,True
000386,FST_I_II_Light,test_light,256,256,126,104,145,117,19,13,179,0.002731,0.984127,1.0,0.0,0.0,0.0,0.0,0.0,1.0,False,False,54.9103,128.0261,55.0021,-2.2578,2.2344,54.9103,128.0261,55.0021,-2.2578,2.2344,63,304,0,0.342,0.2352,0.1131,0.9524,490.1214,0.0,True
000387,FST_I_II_Light,test_light,256,256,119,153,160,175,41,22,687,0.010483,1.0,1.0,0.0,0.0,0.0,0.0,0.0,1.0,False,False,55.1117,129.2339,55.2554,-2.6016,3.0156,55.1117,129.2339,55.2554,-2.6016,3.0156,210,1172,0,0.3413,0.2967,0.1064,0.8053,489.7673,0.0,True
000388,FST_I_II_Light,test_light,256,256,117,127,146,148,29,21,479,0.007309,1.0,1.0,0.0,0.0,0.0,0.0,0.0,1.0,False,False,54.9255,127.4846,55.0668,-2.9688,2.5938,54.9255,127.4846,55.0668,-2.9688,2.5938,165,724,0,0.2805,0.1467,0.114,0.8648,492.1188,0.0,True
000389,FST_I_II_Light,test_light,256,256,118,177,128,184,10,7,53,0.000809,1.0,1.0,0.0,0.0,0.0,0.0,0.0,1.0,False,False,54.9957,129.9715,55.1632,-2.6953,3.3438,54.9957,129.9715,55.1632,-2.6953,3.3438,18,84,0,0.3066,0.1471,0.1184,0.9873,732.7294,0.0,True
000390,FST_I_II_Light,test_light,256,256,96,131,126,144,30,13,295,0.004501,1.0,0.960744,0.0,0.039256,0.0,0.0,0.0,0.960744,True,False,54.541,127.188,54.6454,-2.0547,2.6797,54.6082,127.4334,54.7205,-2.2578,2.6797,98,484,0,0.3863,0.3432,0.1025,0.9199,581.4703,0.0,True
000391,FST_I_II_Light,test_light,256,256,94,112,114,128,20,16,228,0.003479,1.0,0.84,0.0,0.16,0.0,0.0,0.0,0.84,True,False,54.9255,128.7895,55.0726,-2.7812,2.9062,55.127,129.7169,55.3169,-3.4062,3.0625,80,400,0,0.3171,0.1757,0.1389,0.9379,629.9541,0.0,True
000395,FST_I_II_Light,test_light,256,256,95,183,111,193,16,10,126,0.001923,1.0,0.75,0.0,0.25,0.0,0.0,0.0,0.75,True,False,54.6997,129.3191,54.8083,-2.2188,2.6406,54.834,130.1319,55.0693,-3.4766,3.7109,48,176,0,0.351,0.225,0.15,0.9675,1066.0996,0.0,True
000403,FST_I_II_Light,test_light,256,256,105,85,138,117,33,32,820,0.012512,1.0,1.0,0.0,0.0,0.0,0.0,0.0,1.0,False,False,54.8584,128.743,54.9816,-2.2344,2.9219,54.8584,128.743,54.9816,-2.2344,2.9219,272,1296,0,0.2574,0.1267,0.1376,0.7639,485.1709,0.0,True
000405,FST_I_II_Light,test_light,256,256,95,78,132,114,37,36,1030,0.015717,1.0,0.811966,0.0,0.188034,0.0,0.0,0.0,0.811966,True,False,54.7638,126.8623,54.8271,-2.0859,1.6094,54.9164,127.2585,55.0154,-2.2891,2.375,342,1638,0,0.2471,0.1348,0.1312,0.7017,502.0855,0.0,True
000406,FST_I_II_Light,test_light,256,256,86,85,185,151,99,66,4613,0.070389,1.0,0.765741,0.0,0.234259,0.0,0.0,0.0,0.765741,True,False,54.6021,127.6015,54.6792,-1.9609,2.1406,54.7363,128.4677,54.8835,-2.7734,2.9062,1666,8068,0,0.2033,0.3235,0.1386,0.0,526.6855,0.0,True
000407,FST_I_II_Light,test_light,256,256,111,145,124,160,13,15,145,0.002213,0.979592,0.578512,0.0,0.128099,0.293388,0.0,0.0,0.578512,True,True,55.2765,128.9325,55.3742,-3.2422,0.5469,55.1941,127.6812,55.3507,-2.7656,3.1094,49,242,71,0.3309,0.2295,0.0789,0.9622,845.109,0.0,True
000408,FST_I_II_Light,test_light,256,256,118,150,127,164,9,14,94,0.001434,1.0,0.43125,0.0,0.56875,0.0,0.0,0.0,0.43125,True,False,-2.4872,-98.9598,101.8636,44.1484,-91.7656,55.191,127.3614,55.2657,-2.1328,1.9219,30,160,0,0.3618,0.2297,0.1724,0.9763,1109.3391,0.0,True
000411,FST_I_II_Light,test_light,256,256,115,75,123,89,8,14,93,0.001419,1.0,1.0,0.0,0.0,0.0,0.0,0.0,1.0,False,False,55.2765,127.9005,55.5323,-4.6094,2.6641,55.2765,127.9005,55.5323,-4.6094,2.6641,24,152,0,0.3499,0.2342,0.125,0.9768,496.7543,0.0,True
000415,FST_I_II_Light,test_light,256,256,113,218,144,250,31,32,748,0.011414,1.0,0.810256,0.0,0.189744,0.0,0.0,0.0,0.810256,True,False,54.5624,127.1977,54.6439,-2.1641,2.0547,54.9164,127.2421,55.075,-2.7891,3.1094,240,1170,0,0.283,0.1825,0.1152,0.7859,597.2426,0.0,True
000417,FST_I_II_Light,test_light,256,256,91,117,171,156,80,39,1538,0.023468,0.876316,0.946717,0.0,0.053283,0.0,0.0,0.0,0.946717,True,False,54.715,127.425,54.8081,-2.2031,2.3125,54.715,127.7743,54.8081,-2.2031,2.3125,760,3960,0,0.5076,0.6876,0.1712,0.5622,581.1609,0.0,True
000422,FST_I_II_Light,test_light,256,256,105,112,119,125,14,13,139,0.002121,1.0,0.966102,0.0,0.033898,0.0,0.0,0.0,0.966102,True,False,54.8065,127.7052,54.8787,-1.6797,2.2578,54.8584,127.7052,54.9411,-1.8438,2.3828,42,236,0,0.3155,0.1641,0.1357,0.9635,669.7285,0.0,True
000433,FST_I_II_Light,test_light,256,256,211,58,228,75,17,17,231,0.003525,1.0,0.821429,0.0,0.178571,0.0,0.0,0.0,0.821429,True,False,54.9164,128.9949,55.0667,-3.0859,2.6484,55.0049,130.2616,55.1777,-3.4688,2.6484,81,336,0,0.291,0.1529,0.0904,0.9373,771.9676,0.0,True
000438,FST_I_II_Light,test_light,256,256,126,144,132,151,6,7,31,0.000473,1.0,0.75,0.0,0.25,0.0,0.0,0.0,0.75,True,False,55.2399,134.3906,55.5702,-3.8906,4.6328,55.6213,134.8646,56.2355,-5.4531,6.2422,6,68,0,0.3035,0.1175,0.1538,0.9931,1447.6155,0.0,True
000439,FST_I_II_Light,test_light,256,256,94,120,106,131,12,11,79,0.001205,1.0,0.988506,0.0,0.011494,0.0,0.0,0.0,0.988506,True,False,54.7974,129.3004,54.9893,-3.0156,3.4609,54.8096,129.3004,55.0037,-3.0469,3.4688,30,174,0,0.4355,0.3565,0.2037,0.9806,514.3725,0.0,True
000010,FST_III_IV_Medium,test_med,256,256,89,110,125,129,36,19,525,0.008011,1.0,0.877551,0.0,0.0,0.122449,0.0,0.0,0.877551,False,True,42.4469,99.5783,43.5874,2.9844,9.4453,42.1173,98.9008,43.3796,3.2969,9.8516,162,882,108,0.3292,0.2618,0.0929,0.8523,425.6129,0.0,True
000057,FST_III_IV_Medium,test_med,256,256,135,100,154,120,19,20,294,0.004486,1.0,0.908163,0.0,0.091837,0.0,0.0,0.0,0.908163,True,False,42.3462,100.2853,43.7677,2.9766,10.6562,42.5018,100.2853,43.9952,2.3984,11.1094,90,490,0,0.3078,0.173,0.125,0.9191,393.4886,0.0163,True
000064,FST_III_IV_Medium,test_med,256,256,90,50,125,70,35,20,497,0.007584,1.0,1.0,0.0,0.0,0.0,0.0,0.0,1.0,False,False,42.3462,99.8877,43.6732,2.9062,10.2812,42.3462,99.8877,43.6732,2.9062,10.2812,170,890,0,0.3549,0.2846,0.1349,0.8605,375.1189,0.0622,True
000070,FST_III_IV_Medium,test_med,256,256,80,88,136,134,56,46,1860,0.028381,1.0,0.841404,0.0,0.158596,0.0,0.0,0.0,0.841404,True,False,42.0166,100.0433,43.3708,3.8125,10.0547,42.1326,100.7082,43.5196,3.8125,10.2109,616,3304,0,0.2237,0.175,0.1515,0.4539,526.5088,0.0,True
000099,FST_III_IV_Medium,test_med,256,256,96,122,109,131,13,9,86,0.001312,1.0,0.638462,0.0,0.361538,0.0,0.0,0.0,0.638462,True,False,41.6199,98.1065,42.8266,5.1016,8.7109,42.1814,99.0432,43.634,3.0156,10.75,35,130,0,0.3495,0.2132,0.1574,0.9785,1149.0701,0.0,True
000100,FST_III_IV_Medium,test_med,256,256,160,70,186,105,26,35,671,0.010239,1.0,0.85779,0.0,0.14221,0.0,0.0,0.0,0.85779,True,False,42.1692,98.9961,43.3846,3.3906,9.6172,42.1997,98.9961,43.543,3.375,10.1875,238,1104,0,0.3101,0.2102,0.1441,0.8088,376.2658,0.0593,True
000110,FST_III_IV_Medium,test_med,256,256,104,127,111,136,7,9,53,0.000809,1.0,1.0,0.0,0.0,0.0,0.0,0.0,1.0,False,False,41.8335,98.3379,43.0892,2.3203,10.0625,41.8335,98.3379,43.0892,2.3203,10.0625,15,80,0,0.3248,0.1903,0.1071,0.9876,375.8848,0.0603,True
000184,FST_III_IV_Medium,test_med,256,256,114,153,127,161,13,8,73,0.001114,1.0,0.66129,0.0,0.33871,0.0,0.0,0.0,0.66129,True,False,41.7847,96.3091,42.8083,4.0078,8.3984,42.1631,97.4591,43.2975,2.9609,9.3906,28,124,0,0.4247,0.3546,0.1696,0.9826,1049.2135,0.0,True
000194,FST_III_IV_Medium,test_med,256,256,114,108,144,141,30,33,755,0.01152,1.0,0.94462,0.0,0.0,0.05538,0.0,0.0,0.94462,False,True,42.2607,100.0212,43.6017,2.9922,10.3047,42.1387,100.0212,43.4916,3.1094,10.3047,238,1264,70,0.3208,0.2306,0.1621,0.7841,368.4915,0.0788,True
000224,FST_III_IV_Medium,test_med,256,256,111,72,150,123,39,51,1446,0.022064,1.0,0.947533,0.0,0.052467,0.0,0.0,0.0,0.947533,True,False,42.1448,98.9986,43.4426,3.2812,10.0156,42.2546,98.9986,43.5913,2.9531,10.2969,475,2554,0,0.3004,0.2785,0.1508,0.5793,370.4291,0.0739,True
000243,FST_III_IV_Medium,test_med,256,256,118,152,125,159,7,7,45,0.000687,1.0,1.0,0.0,0.0,0.0,0.0,0.0,1.0,False,False,42.4744,101.7105,43.8812,2.6953,10.6875,42.4744,101.7105,43.8812,2.6953,10.6875,9,72,0,0.3001,0.1491,0.0921,0.9898,368.6689,0.0783,True
000443,FST_III_IV_Medium,test_med,256,256,115,141,147,161,32,20,474,0.007233,1.0,0.95375,0.0,0.04625,0.0,0.0,0.0,0.95375,True,False,42.2974,99.6124,43.6462,2.9609,10.3516,42.2974,100.0557,43.6462,2.9609,10.3516,160,800,0,0.3734,0.2979,0.17,0.8674,378.4316,0.0539,True
000444,FST_III_IV_Medium,test_med,256,256,149,118,167,127,18,9,128,0.001953,1.0,1.0,0.0,0.0,0.0,0.0,0.0,1.0,False,False,43.0145,101.893,44.6882,3.8828,11.4766,43.0145,101.893,44.6882,3.8828,11.4766,50,176,0,0.3759,0.2879,0.1284,0.9672,383.8217,0.0404,True
000446,FST_III_IV_Medium,test_med,256,256,129,41,137,52,8,11,71,0.001083,1.0,1.0,0.0,0.0,0.0,0.0,0.0,1.0,False,False,42.0288,99.0948,43.4903,3.2812,10.6875,42.0288,99.0948,43.4903,3.2812,10.6875,20,116,0,0.3266,0.1664,0.1562,0.9826,373.3221,0.0667,True
000447,FST_III_IV_Medium,test_med,256,256,106,124,145,160,39,36,1069,0.016312,1.0,0.691358,0.0,0.259259,0.049383,0.0,0.0,0.691358,True,True,42.0288,99.0848,43.1921,3.625,9.2734,42.3523,100.2978,43.6189,2.4297,10.1484,342,1782,88,0.2463,0.1424,0.1238,0.6901,486.9323,0.0,True
000451,FST_III_IV_Medium,test_med,256,256,98,119,137,148,39,29,900,0.013733,1.0,1.0,0.0,0.0,0.0,0.0,0.0,1.0,False,False,42.3004,99.9823,43.6032,2.8516,10.1875,42.3004,99.9823,43.6032,2.8516,10.1875,285,1406,0,0.2656,0.1591,0.1263,0.7408,369.72,0.0757,True
000452,FST_III_IV_Medium,test_med,256,256,101,124,125,142,24,18,306,0.004669,0.991667,0.791667,0.0,0.208333,0.0,0.0,0.0,0.791667,True,False,41.7175,98.7073,43.0236,4.2109,9.6406,41.8274,99.7624,43.0868,3.7422,9.6406,120,504,0,0.3527,0.2589,0.1336,0.9161,606.1757,0.0,True
000453,FST_III_IV_Medium,test_med,256,256,117,101,152,126,35,25,667,0.010178,1.0,0.888582,0.0,0.111418,0.0,0.0,0.0,0.888582,True,False,42.1448,99.5667,43.413,3.6875,9.7422,42.1631,99.5667,43.5586,3.6875,10.2969,221,1086,0,0.2867,0.171,0.1311,0.8096,482.2455,0.0,True
000454,FST_III_IV_Medium,test_med,256,256,41,163,78,188,37,25,712,0.010864,1.0,1.0,0.0,0.0,0.0,0.0,0.0,1.0,False,False,42.1417,99.4224,43.5178,3.1484,10.3906,42.1417,99.4224,43.5178,3.1484,10.3906,247,1110,0,0.2915,0.1825,0.1366,0.7964,370.4432,0.0739,True
000457,FST_III_IV_Medium,test_med,256,256,102,63,157,102,55,39,1699,0.025925,1.0,1.0,0.0,0.0,0.0,0.0,0.0,1.0,False,False,42.2302,99.9827,43.5711,2.7812,10.3594,42.2302,99.9827,43.5711,2.7812,10.3594,513,2752,0,0.2101,0.1594,0.0996,0.5024,370.1371,0.0747,True
000459,FST_III_IV_Medium,test_med,256,256,82,79,130,118,48,39,1512,0.023071,1.0,0.765993,0.0,0.234007,0.0,0.0,0.0,0.765993,True,False,41.9312,99.705,43.2555,3.8516,9.8984,42.4011,100.8161,43.8287,3.0078,10.6797,456,2376,0,0.2113,0.1352,0.1069,0.5581,480.5812,0.0,True
000461,FST_III_IV_Medium,test_med,256,256,131,144,144,165,13,21,194,0.00296,1.0,1.0,0.0,0.0,0.0,0.0,0.0,1.0,False,False,42.2028,99.8445,43.532,3.4062,10.1172,42.2028,99.8445,43.532,3.4062,10.1172,77,316,0,0.3759,0.2925,0.1333,0.9483,373.675,0.0658,True
000466,FST_III_IV_Medium,test_med,256,256,101,110,134,133,33,23,583,0.008896,1.0,0.997908,0.0,0.0,0.002092,0.0,0.0,0.997908,False,True,42.3187,99.8164,43.6757,2.8984,10.4062,42.3187,99.7943,43.6794,2.8984,10.4219,187,956,2,0.2953,0.177,0.1331,0.8344,372.3452,0.0691,True
000469,FST_III_IV_Medium,test_med,256,256,71,62,113,84,42,22,765,0.011673,1.0,0.969595,0.0,0.0,0.030405,0.0,0.0,0.969595,False,True,42.2516,100.1302,43.6328,2.625,10.5703,42.1844,100.0182,43.6151,2.7734,10.7266,220,1184,36,0.3142,0.2492,0.1108,0.782,373.3082,0.0667,True
000470,FST_III_IV_Medium,test_med,256,256,107,132,138,154,31,22,544,0.008301,1.0,0.469432,0.0,0.530568,0.0,0.0,0.0,0.469432,True,False,0.1099,-97.1367,102.7162,45.7266,-91.9766,41.8762,98.2189,43.126,3.2266,9.7891,150,916,0,0.2977,0.1927,0.1071,0.8463,448.911,0.0,True
000473,FST_III_IV_Medium,test_med,256,256,103,112,126,130,23,18,312,0.004761,1.0,0.927419,0.0,0.072581,0.0,0.0,0.0,0.927419,True,False,41.9098,98.9401,43.1806,3.3281,9.8516,42.038,99.5155,43.305,3.3281,9.8516,110,496,0,0.336,0.2089,0.1623,0.9141,442.1728,0.0,True
000475,FST_III_IV_Medium,test_med,256,256,112,131,128,145,16,14,167,0.002548,1.0,1.0,0.0,0.0,0.0,0.0,0.0,1.0,False,False,42.3981,99.876,43.6608,3.0234,9.9766,42.3981,99.876,43.6608,3.0234,9.9766,48,304,0,0.3528,0.2244,0.1646,0.9559,372.3831,0.069,True
000482,FST_III_IV_Medium,test_med,256,256,127,121,144,136,17,15,184,0.002808,1.0,0.95625,0.0,0.0,0.04375,0.0,0.0,0.95625,False,True,42.4713,99.2412,43.7893,3.0703,10.2109,42.3828,98.7892,43.7539,3.2344,10.375,63,320,14,0.3246,0.1677,0.1688,0.9506,404.4675,0.0,True
000486,FST_III_IV_Medium,test_med,256,256,86,137,97,148,11,11,96,0.001465,1.0,0.994048,0.0,0.005952,0.0,0.0,0.0,0.994048,True,False,42.3157,101.2479,43.8623,3.0,11.1484,42.3157,101.2479,43.8607,2.9766,11.1484,25,168,0,0.3275,0.1716,0.1552,0.9757,375.1789,0.0621,True
000488,FST_III_IV_Medium,test_med,256,256,15,122,104,196,89,74,5281,0.080582,1.0,1.0,0.0,0.0,0.0,0.0,0.0,1.0,False,False,42.1661,99.7495,43.5015,3.1328,10.2266,42.1661,99.7495,43.5015,3.1328,10.2266,1710,7274,0,0.1258,0.1762,0.1255,0.0,373.2039,0.067,True
000491,FST_III_IV_Medium,test_med,256,256,115,84,140,112,25,28,496,0.007568,1.0,1.0,0.0,0.0,0.0,0.0,0.0,1.0,False,False,42.1936,98.9829,43.4944,3.1953,10.0625,42.1936,98.9829,43.4944,3.1953,10.0625,182,854,0,0.3134,0.1908,0.1536,0.8599,370.1253,0.0747,True
000495,FST_III_IV_Medium,test_med,256,256,61,89,99,130,38,41,1147,0.017502,1.0,0.735354,0.0,0.264646,0.0,0.0,0.0,0.735354,True,False,41.7114,98.8592,42.9835,4.0,9.5781,41.9556,99.4395,43.3427,2.8984,10.4844,378,1980,0,0.2284,0.1247,0.1092,0.6663,626.5275,0.0,True
000498,FST_III_IV_Medium,test_med,256,256,107,114,148,139,41,25,669,0.010208,1.0,0.853084,0.0,0.146916,0.0,0.0,0.0,0.853084,True,False,42.2058,98.8871,43.4396,3.4375,9.6875,42.45,98.8973,43.7992,2.5391,10.4844,273,1232,0,0.3957,0.3903,0.1275,0.8117,441.5731,0.0,True
000503,FST_III_IV_Medium,test_med,256,256,110,66,163,125,53,59,2533,0.038651,1.0,0.775359,0.0,0.224641,0.0,0.0,0.0,0.775359,True,False,41.9495,99.2761,43.2289,3.8906,9.6875,42.0227,99.6727,43.417,3.1406,10.4531,783,3904,0,0.1708,0.1723,0.1132,0.2535,357.7964,0.1055,True
000513,FST_III_IV_Medium,test_med,256,256,110,167,117,175,7,8,49,0.000748,1.0,1.0,0.0,0.0,0.0,0.0,0.0,1.0,False,False,41.8488,98.2935,42.9856,3.0938,9.3203,41.8488,98.2935,42.9856,3.0938,9.3203,12,76,0,0.2827,0.1147,0.0921,0.9886,498.7245,0.0,True
000514,FST_III_IV_Medium,test_med,256,256,59,138,82,168,23,30,536,0.008179,1.0,1.0,0.0,0.0,0.0,0.0,0.0,1.0,False,False,41.922,100.7138,43.3278,3.2266,10.4609,41.922,100.7138,43.3278,3.2266,10.4609,154,920,0,0.2924,0.1705,0.125,0.8483,367.6754,0.0808,True
000516,FST_III_IV_Medium,test_med,256,256,113,163,122,173,9,10,78,0.00119,1.0,1.0,0.0,0.0,0.0,0.0,0.0,1.0,False,False,42.7612,99.3636,44.1484,2.4844,10.6953,42.7612,99.3636,44.1484,2.4844,10.6953,30,92,0,0.3135,0.1481,0.1442,0.9808,375.0075,0.0625,True
000517,FST_III_IV_Medium,test_med,256,256,108,131,129,146,21,15,267,0.004074,1.0,0.982412,0.0,0.017588,0.0,0.0,0.0,0.982412,True,False,41.9922,98.9231,43.2407,3.1094,9.8359,41.9922,98.9231,43.2454,3.0,9.8906,77,398,0,0.3237,0.2002,0.1274,0.9272,369.2719,0.0768,True
000526,FST_III_IV_Medium,test_med,256,256,83,133,136,167,53,34,1389,0.021194,1.0,0.955307,0.0,0.044693,0.0,0.0,0.0,0.955307,True,False,42.218,99.4579,43.5265,3.0859,10.1328,42.3157,99.4579,43.6573,2.8047,10.3672,486,2148,0,0.2749,0.237,0.124,0.5961,391.0297,0.0224,True
000527,FST_III_IV_Medium,test_med,256,256,125,100,136,105,11,5,38,0.00058,0.866667,1.0,0.0,0.0,0.0,0.0,0.0,1.0,False,False,42.4835,101.7912,43.899,1.3984,10.9688,42.4835,101.7912,43.899,1.3984,10.9688,15,64,0,0.49,0.4902,0.1548,0.9922,473.5748,0.0,True
000529,FST_III_IV_Medium,test_med,256,256,91,126,124,148,33,22,560,0.008545,1.0,0.701064,0.0,0.298936,0.0,0.0,0.0,0.701064,True,False,41.7114,98.0145,42.8142,4.4609,8.5625,42.2485,98.6374,43.5406,2.7734,10.1562,170,940,0,0.303,0.1973,0.1201,0.8415,578.4995,0.0,True
000535,FST_III_IV_Medium,test_med,256,256,133,27,238,152,105,125,9337,0.142471,1.0,0.987696,0.0,0.0,0.0,0.012304,0.0,1.0,False,False,42.2302,99.3761,43.5383,2.9531,10.1719,42.2302,99.3761,43.5383,2.9531,10.1719,3339,14142,0,0.1439,0.2135,0.1239,0.0,367.2931,0.0818,True
000540,FST_III_IV_Medium,test_med,256,256,106,106,133,126,27,20,418,0.006378,1.0,0.905797,0.0,0.094203,0.0,0.0,0.0,0.905797,True,False,42.1692,100.184,43.6067,3.2266,10.625,42.4042,100.184,43.932,2.9141,11.1094,130,690,0,0.3016,0.1633,0.1445,0.8828,488.0953,0.0,True
000542,FST_III_IV_Medium,test_med,256,256,69,74,125,128,56,54,2364,0.036072,1.0,1.0,0.0,0.0,0.0,0.0,0.0,1.0,False,False,42.215,100.3625,43.57,2.8203,10.4062,42.215,100.3625,43.57,2.8203,10.4062,728,3864,0,0.1645,0.1337,0.1234,0.303,369.2541,0.0769,True
000544,FST_III_IV_Medium,test_med,256,256,107,112,118,120,11,8,71,0.001083,1.0,1.0,0.0,0.0,0.0,0.0,0.0,1.0,False,False,41.7877,99.4855,43.0398,3.5156,9.6875,41.7877,99.4855,43.0398,3.5156,9.6875,20,116,0,0.3565,0.2058,0.19,0.9828,370.1082,0.0747,True
000548,FST_III_IV_Medium,test_med,256,256,115,102,136,116,21,14,198,0.003021,1.0,1.0,0.0,0.0,0.0,0.0,0.0,1.0,False,False,42.3828,100.1784,43.7175,1.9609,10.5391,42.3828,100.1784,43.7175,1.9609,10.5391,66,388,0,0.358,0.2395,0.1628,0.9467,378.5667,0.0536,True
000552,FST_III_IV_Medium,test_med,256,256,137,79,182,121,45,42,1251,0.019089,0.994071,0.923587,0.0,0.076413,0.0,0.0,0.0,0.923587,True,False,42.1478,99.507,43.4694,3.1875,10.1484,42.3065,100.0707,43.6569,2.9609,10.3594,506,2264,0,0.266,0.1891,0.1477,0.6356,439.3372,0.0,True
000557,FST_III_IV_Medium,test_med,256,256,114,102,152,157,38,55,1600,0.024414,1.0,0.898678,0.0,0.092878,0.008443,0.0,0.0,0.898678,True,True,42.1387,99.442,43.4451,3.3203,10.0391,42.3584,100.051,43.678,2.9922,10.2266,486,2724,23,0.2479,0.206,0.1278,0.5329,364.1402,0.0896,True
000559,FST_III_IV_Medium,test_med,256,256,98,126,123,183,25,57,1104,0.016846,1.0,0.715116,0.0,0.284884,0.0,0.0,0.0,0.715116,True,False,41.7969,98.6987,43.086,4.3281,9.5234,42.1875,100.1014,43.5229,3.7188,10.0312,377,1720,0,0.3341,0.316,0.1322,0.6822,364.0968,0.0898,True
000566,FST_III_IV_Medium,test_med,256,256,80,109,121,163,41,54,1731,0.026413,1.0,1.0,0.0,0.0,0.0,0.0,0.0,1.0,False,False,42.2455,99.5543,43.5658,3.1094,10.1797,42.2455,99.5543,43.5658,3.1094,10.1797,546,2788,0,0.212,0.1496,0.1287,0.4928,365.3489,0.0866,True
000568,FST_III_IV_Medium,test_med,256,256,87,70,114,98,27,28,457,0.006973,0.928571,0.871636,0.0,0.128364,0.0,0.0,0.0,0.871636,True,False,42.038,98.5927,43.236,2.9609,9.6641,42.2974,98.6769,43.6206,2.4922,10.3672,182,966,0,0.4164,0.393,0.1513,0.8727,431.5749,0.0,True
000578,FST_III_IV_Medium,test_med,256,256,103,63,145,86,42,23,731,0.011154,1.0,0.908638,0.0,0.091362,0.0,0.0,0.0,0.908638,True,False,42.1692,99.9221,43.5039,3.125,10.2266,42.3828,100.5247,43.7246,2.7812,10.3828,242,1204,0,0.3252,0.2539,0.1332,0.7916,427.9469,0.0,True
000584,FST_III_IV_Medium,test_med,256,256,113,86,120,95,7,9,54,0.000824,1.0,1.0,0.0,0.0,0.0,0.0,0.0,1.0,False,False,41.9495,96.5046,43.1771,4.2344,9.3047,41.9495,96.5046,43.1771,4.2344,9.3047,15,80,0,0.3112,0.1703,0.0952,0.9873,373.1018,0.0672,True
000589,FST_III_IV_Medium,test_med,256,256,96,98,107,118,11,20,164,0.002502,1.0,1.0,0.0,0.0,0.0,0.0,0.0,1.0,False,False,42.45,100.0043,43.8803,2.8438,10.7422,42.45,100.0043,43.8803,2.8438,10.7422,50,290,0,0.3984,0.3268,0.1453,0.9571,377.15,0.0571,True
000590,FST_III_IV_Medium,test_med,256,256,111,98,149,156,38,58,1717,0.026199,1.0,0.827586,0.0,0.172414,0.0,0.0,0.0,0.827586,True,False,42.0166,99.3836,43.2853,3.5859,9.7656,42.2791,100.1541,43.5515,2.6484,10.1094,540,2784,0,0.2462,0.2091,0.1401,0.4981,412.5915,0.0,True
000594,FST_III_IV_Medium,test_med,256,256,87,124,96,132,9,8,60,0.000916,1.0,1.0,0.0,0.0,0.0,0.0,0.0,1.0,False,False,41.9312,101.8427,43.5499,2.4375,11.5078,41.9312,101.8427,43.5499,2.4375,11.5078,20,84,0,0.2843,0.1101,0.1071,0.9855,402.8046,0.0,True
000596,FST_III_IV_Medium,test_med,256,256,86,86,113,113,27,27,548,0.008362,1.0,0.967437,0.0,0.0,0.032563,0.0,0.0,0.967437,False,True,42.3645,99.7225,43.6639,3.0703,10.1172,42.3645,99.7225,43.6639,3.0703,10.1172,169,952,31,0.3051,0.1783,0.1567,0.8448,369.4661,0.0763,True
000605,FST_III_IV_Medium,test_med,256,256,119,144,155,173,36,29,777,0.011856,1.0,1.0,0.0,0.0,0.0,0.0,0.0,1.0,False,False,42.2974,100.5016,43.679,2.5938,10.5859,42.2974,100.5016,43.679,2.5938,10.5859,270,1278,0,0.2759,0.1752,0.1096,0.7771,370.0345,0.0749,True
000606,FST_III_IV_Medium,test_med,256,256,121,138,158,160,37,22,588,0.008972,1.0,0.934659,0.0,0.065341,0.0,0.0,0.0,0.934659,True,False,42.038,98.9768,43.263,2.9453,9.7891,42.2028,99.4546,43.4671,2.9375,9.9844,190,1056,0,0.3326,0.2438,0.1469,0.8334,552.593,0.0,True
000613,FST_III_IV_Medium,test_med,256,256,88,112,103,122,15,10,124,0.001892,1.0,0.953488,0.0,0.046512,0.0,0.0,0.0,0.953488,True,False,42.7155,100.6947,44.2156,3.875,10.7422,42.7826,100.7548,44.3478,3.6719,11.0859,42,172,0,0.304,0.1527,0.1136,0.9678,533.6672,0.0,True
000614,FST_III_IV_Medium,test_med,256,256,114,127,137,145,23,18,299,0.004562,1.0,1.0,0.0,0.0,0.0,0.0,0.0,1.0,False,False,42.2729,99.8805,43.688,2.9297,10.6328,42.2729,99.8805,43.688,2.9297,10.6328,110,496,0,0.3348,0.1997,0.1713,0.9176,372.3864,0.069,True
000615,FST_III_IV_Medium,test_med,256,256,100,116,132,142,32,26,527,0.008041,0.852679,0.722782,0.0,0.277218,0.0,0.0,0.0,0.722782,True,False,41.3727,97.1377,42.3635,3.2734,8.5,41.5863,97.8377,42.6927,2.25,9.3906,224,992,0,0.377,0.3372,0.1265,0.8521,492.6693,0.0,True
000618,FST_III_IV_Medium,test_med,256,256,127,133,145,142,18,9,135,0.00206,1.0,1.0,0.0,0.0,0.0,0.0,0.0,1.0,False,False,42.1204,99.1845,43.3324,2.1953,9.9375,42.1204,99.1845,43.3324,2.1953,9.9375,50,176,0,0.3629,0.2648,0.125,0.9652,379.4033,0.0515,True
000619,FST_III_IV_Medium,test_med,256,256,122,152,159,182,37,30,783,0.011948,1.0,0.752817,0.0,0.247183,0.0,0.0,0.0,0.752817,True,False,41.7572,98.8539,43.0658,3.9922,9.75,42.2119,100.1144,43.5319,2.7344,10.2812,266,1420,0,0.3681,0.3157,0.183,0.7765,332.5639,0.1686,True
000620,FST_III_IV_Medium,test_med,256,256,78,74,106,94,28,20,444,0.006775,1.0,0.644286,0.0,0.355714,0.0,0.0,0.0,0.644286,True,False,41.745,98.1467,42.8412,3.9688,8.7734,42.0654,99.3407,43.4055,2.5,10.4062,140,700,0,0.2913,0.1675,0.1082,0.8753,585.4182,0.0,True
000622,FST_III_IV_Medium,test_med,256,256,108,126,125,146,17,20,258,0.003937,1.0,0.360976,0.0,0.639024,0.0,0.0,0.0,0.360976,True,False,0.2594,-96.7462,102.3743,46.0703,-91.4219,42.1844,99.2917,43.4392,2.7266,10.0,90,410,0,0.2837,0.1224,0.1223,0.929,336.1663,0.1596,True
000623,FST_III_IV_Medium,test_med,256,256,96,108,143,139,47,31,1159,0.017685,1.0,0.93883,0.0,0.0,0.06117,0.0,0.0,0.93883,False,True,42.2363,100.0446,43.5813,3.2188,10.25,42.1143,100.0446,43.4873,3.5312,10.25,345,1880,115,0.2848,0.2254,0.1303,0.6648,372.2166,0.0695,True
000625,FST_III_IV_Medium,test_med,256,256,124,97,141,113,17,16,163,0.002487,0.888889,0.905488,0.0,0.094512,0.0,0.0,0.0,0.905488,True,False,42.1509,99.7767,43.364,2.125,9.9609,42.3859,100.3014,43.6665,1.8359,10.3359,72,328,0,0.4057,0.3355,0.1548,0.9573,498.5456,0.0,True
000626,FST_III_IV_Medium,test_med,256,256,121,104,147,116,26,12,238,0.003632,1.0,0.91129,0.0,0.08871,0.0,0.0,0.0,0.91129,True,False,42.0959,99.8234,43.5026,2.6797,10.6406,42.3187,99.8234,43.8441,2.3594,11.2188,84,372,0,0.4136,0.371,0.136,0.9367,426.8622,0.0,True
000627,FST_III_IV_Medium,test_med,256,256,120,88,130,98,10,10,75,0.001144,1.0,1.0,0.0,0.0,0.0,0.0,0.0,1.0,False,False,42.6514,100.4458,44.0166,3.4609,10.3125,42.6514,100.4458,44.0166,3.4609,10.3125,36,96,0,0.3275,0.1563,0.1771,0.9814,378.4979,0.0538,True
000629,FST_III_IV_Medium,test_med,256,256,114,123,120,131,6,8,38,0.00058,1.0,1.0,0.0,0.0,0.0,0.0,0.0,1.0,False,False,41.9769,98.7872,43.0614,0.1797,9.6016,41.9769,98.7872,43.0614,0.1797,9.6016,8,72,0,0.3306,0.1615,0.1719,0.9915,359.7083,0.1007,True
000632,FST_III_IV_Medium,test_med,256,256,125,111,159,123,34,12,266,0.004059,1.0,0.817073,0.0,0.182927,0.0,0.0,0.0,0.817073,True,False,42.16,99.4357,43.4735,3.6406,9.9609,42.16,99.4832,43.5408,3.3438,10.3516,108,492,0,0.4661,0.4833,0.1289,0.9292,440.432,0.0,True
000634,FST_III_IV_Medium,test_med,256,256,124,105,150,124,26,19,388,0.00592,1.0,0.738487,0.0,0.261513,0.0,0.0,0.0,0.738487,True,False,41.9647,99.1987,43.2073,3.9844,9.4844,42.5049,99.8717,43.9016,2.4062,10.7188,126,608,0,0.2893,0.1507,0.1189,0.8915,446.6422,0.0,True
000636,FST_III_IV_Medium,test_med,256,256,120,151,125,155,5,4,16,0.000244,1.0,1.0,0.0,0.0,0.0,0.0,0.0,1.0,False,False,42.0624,101.0655,43.2554,1.0,10.0391,42.0624,101.0655,43.2554,1.0,10.0391,6,22,0,0.3762,0.2035,0.25,0.9971,320.3909,0.199,True
000638,FST_III_IV_Medium,test_med,256,256,118,116,125,123,7,7,36,0.000549,1.0,1.0,0.0,0.0,0.0,0.0,0.0,1.0,False,False,43.5059,107.841,45.8542,0.9766,14.4531,43.5059,107.841,45.8542,0.9766,14.4531,9,72,0,0.3429,0.159,0.2167,0.9919,355.1304,0.1122,True
000639,FST_III_IV_Medium,test_med,256,256,129,55,166,100,37,45,1317,0.020096,1.0,0.660396,0.0,0.0,0.0,0.339604,0.0,1.0,False,False,41.6992,98.5951,43.0216,2.9531,10.1641,41.6992,98.5951,43.0216,2.9531,10.1641,437,2020,0,0.2291,0.1461,0.109,0.6165,363.4652,0.0913,True
000642,FST_III_IV_Medium,test_med,256,256,107,88,126,119,19,31,483,0.00737,1.0,0.985788,0.0,0.0,0.014212,0.0,0.0,0.985788,False,True,42.215,98.765,43.4186,2.9609,9.7109,42.215,98.765,43.4427,3.0312,9.7969,135,774,11,0.3122,0.2027,0.1267,0.8643,364.3345,0.0892,True
000644,FST_III_IV_Medium,test_med,256,256,141,51,193,96,52,45,1429,0.021805,0.993311,0.742204,0.0,0.0,0.257796,0.0,0.0,0.742204,False,True,42.5232,100.5514,43.5792,2.1875,9.2812,42.0654,99.2353,43.4678,3.5547,10.3594,598,2886,744,0.3055,0.2914,0.1434,0.5842,394.7582,0.0131,True
000646,FST_III_IV_Medium,test_med,256,256,59,47,185,214,126,167,15061,0.229813,1.0,0.840964,0.0,0.0,0.159036,0.0,0.0,0.840964,False,True,42.4133,100.1551,43.6285,2.5938,9.8906,42.0288,99.4406,43.3885,3.0781,10.3281,5146,26648,4238,0.1878,0.2921,0.1392,0.0,367.4506,0.0814,True
000653,FST_III_IV_Medium,test_med,256,256,115,136,132,154,17,18,233,0.003555,1.0,1.0,0.0,0.0,0.0,0.0,0.0,1.0,False,False,41.8549,99.6791,43.2007,2.4531,10.4141,41.8549,99.6791,43.2007,2.4531,10.4141,90,344,0,0.3286,0.1888,0.1562,0.9368,368.0985,0.0798,True
000006,FST_V_VI_Dark,test_dark,256,256,112,100,197,179,85,79,5174,0.078949,1.0,0.991069,0.0,0.0,0.0,0.008931,0.0,1.0,False,False,16.8762,20.5859,17.7893,2.6094,4.9844,16.8762,20.5859,17.7893,2.6094,4.9844,1634,8398,0,0.1204,0.1664,0.124,0.0,155.9111,0.6102,True
000007,FST_V_VI_Dark,test_dark,256,256,149,110,160,123,11,13,87,0.001328,1.0,0.866667,0.0,0.133333,0.0,0.0,0.0,0.866667,True,False,17.3126,20.5019,18.1478,1.9766,5.0703,17.3126,21.0728,18.2516,1.5938,5.5547,34,180,0,0.3861,0.2754,0.1759,0.9782,245.796,0.3855,True
000011,FST_V_VI_Dark,test_dark,256,256,69,88,149,196,80,108,6070,0.092621,0.996296,0.932685,0.0,0.0,0.067315,0.0,0.0,0.932685,False,True,16.925,21.0373,17.7758,2.3672,4.8906,16.9006,21.0373,17.8687,2.3672,5.2969,2104,10800,727,0.1692,0.2592,0.1318,0.0,154.9895,0.6125,True
000012,FST_V_VI_Dark,test_dark,256,256,120,162,132,176,12,14,129,0.001968,1.0,1.0,0.0,0.0,0.0,0.0,0.0,1.0,False,False,16.9922,18.5079,17.5123,2.3047,3.5547,16.9922,18.5079,17.5123,2.3047,3.5547,35,228,0,0.3257,0.1765,0.1471,0.9664,153.2971,0.6168,True
000015,FST_V_VI_Dark,test_dark,256,256,14,36,145,171,131,135,11438,0.17453,0.99977,0.858583,0.0,0.141417,0.0,0.0,0.0,0.858583,True,False,16.6931,19.5618,17.5868,3.1562,4.5469,16.7664,20.809,17.8266,3.125,5.1875,4227,18449,0,0.1943,0.3089,0.1327,0.0,136.3516,0.6591,True
000022,FST_V_VI_Dark,test_dark,256,256,82,75,142,162,60,87,3488,0.053223,1.0,1.0,0.0,0.0,0.0,0.0,0.0,1.0,False,False,16.8976,20.623,17.8075,2.625,4.9688,16.8976,20.623,17.8075,2.625,4.9688,1256,6570,0,0.1712,0.2517,0.1513,0.0,151.9417,0.6201,True
000053,FST_V_VI_Dark,test_dark,256,256,105,38,117,62,12,24,231,0.003525,1.0,1.0,0.0,0.0,0.0,0.0,0.0,1.0,False,False,17.1906,21.4001,18.3477,3.8125,5.1562,17.1906,21.4001,18.3477,3.8125,5.1562,69,360,0,0.3655,0.2866,0.1154,0.938,157.0163,0.6075,True
000060,FST_V_VI_Dark,test_dark,256,256,103,127,134,145,31,18,417,0.006363,1.0,0.319277,0.0,0.680723,0.0,0.0,0.0,0.319277,True,False,10.7452,-84.0042,100.9667,49.4688,-87.3594,17.0258,20.8926,17.9289,2.4375,5.0625,146,664,0,0.3342,0.2263,0.1477,0.8834,148.5024,0.6287,True
000077,FST_V_VI_Dark,test_dark,256,256,112,136,146,164,34,28,738,0.011261,1.0,1.0,0.0,0.0,0.0,0.0,0.0,1.0,False,False,16.8457,20.9613,17.8664,2.8047,5.25,16.8457,20.9613,17.8664,2.8047,5.25,242,1148,0,0.2639,0.1401,0.1206,0.7884,152.5498,0.6186,True
000080,FST_V_VI_Dark,test_dark,256,256,120,131,137,142,17,11,136,0.002075,1.0,0.957983,0.0,0.042017,0.0,0.0,0.0,0.957983,True,False,17.1936,21.1637,18.0558,1.0391,5.4141,17.3309,21.3666,18.1866,1.0391,5.4141,43,238,0,0.3567,0.2401,0.1458,0.9646,178.0042,0.555,True
000087,FST_V_VI_Dark,test_dark,256,256,56,119,103,151,47,32,1173,0.017899,1.0,0.898109,0.0,0.0,0.101891,0.0,0.0,0.898109,False,True,17.0105,20.9617,17.7669,2.5312,4.4609,17.0105,20.9617,17.9617,2.7344,5.0781,359,1904,194,0.2578,0.1781,0.1228,0.6597,158.0603,0.6048,True
000088,FST_V_VI_Dark,test_dark,256,256,135,140,151,167,16,27,311,0.004745,1.0,1.0,0.0,0.0,0.0,0.0,0.0,1.0,False,False,16.9586,21.4016,17.9953,2.5156,5.4688,16.9586,21.4016,17.9953,2.5156,5.4688,102,552,0,0.3298,0.2203,0.1227,0.9141,154.3446,0.6141,True
000089,FST_V_VI_Dark,test_dark,256,256,85,110,164,213,79,103,5170,0.078888,0.995978,1.0,0.0,0.0,0.0,0.0,0.0,1.0,False,False,16.8732,20.3167,17.7564,2.6406,4.8594,16.8732,20.3167,17.7564,2.6406,4.8594,1940,10308,0,0.2299,0.3641,0.1594,0.0,155.1998,0.612,True
000093,FST_V_VI_Dark,test_dark,256,256,53,114,78,139,25,25,485,0.007401,1.0,0.920699,0.0,0.079301,0.0,0.0,0.0,0.920699,True,False,16.9403,20.3961,17.8291,2.6719,4.875,17.1509,20.6718,17.9859,2.3281,4.8906,165,744,0,0.2893,0.1485,0.1413,0.8631,156.9388,0.6077,True
000095,FST_V_VI_Dark,test_dark,256,256,121,129,155,154,34,25,653,0.009964,1.0,0.851,0.0,0.149,0.0,0.0,0.0,0.851,True,False,16.7419,19.6282,17.8309,3.9219,4.7188,17.1417,21.9038,18.3032,3.0,5.6719,228,1000,0,0.2799,0.1538,0.1344,0.8135,171.6078,0.571,True
000096,FST_V_VI_Dark,test_dark,256,256,104,75,176,122,72,47,2051,0.031296,0.966184,1.0,0.0,0.0,0.0,0.0,0.0,1.0,False,False,16.7389,19.8906,17.5602,2.7891,4.5156,16.7389,19.8906,17.5602,2.7891,4.5156,812,4284,0,0.3252,0.4155,0.1236,0.4016,155.2608,0.6118,True
000104,FST_V_VI_Dark,test_dark,256,256,121,126,135,136,14,10,109,0.001663,1.0,0.910714,0.0,0.089286,0.0,0.0,0.0,0.910714,True,False,16.5588,19.1381,17.391,2.9375,4.4297,16.7358,20.1234,17.5678,2.3672,4.7891,36,168,0,0.3719,0.247,0.1797,0.9722,231.0555,0.4224,True
000105,FST_V_VI_Dark,test_dark,256,256,100,163,113,172,13,9,81,0.001236,1.0,0.992308,0.0,0.007692,0.0,0.0,0.0,0.992308,True,False,17.3279,19.8238,18.0081,1.2734,4.7344,17.3279,19.8238,18.0081,1.2734,4.7344,34,130,0,0.3777,0.269,0.1574,0.98,192.7477,0.5181,True
000109,FST_V_VI_Dark,test_dark,256,256,143,107,157,116,14,9,103,0.001572,1.0,1.0,0.0,0.0,0.0,0.0,0.0,1.0,False,False,16.6931,21.5271,17.6181,1.875,5.3125,16.6931,21.5271,17.6181,1.875,5.3125,29,160,0,0.2933,0.1402,0.0948,0.9736,261.7776,0.3456,True
000111,FST_V_VI_Dark,test_dark,256,256,107,100,142,142,35,42,1132,0.017273,1.0,0.900881,0.0,0.099119,0.0,0.0,0.0,0.900881,True,False,16.6016,19.9122,17.548,3.0391,4.8047,16.6382,19.9122,17.5827,3.0391,4.8047,362,1816,0,0.2717,0.1982,0.1272,0.6722,151.687,0.6208,True
000112,FST_V_VI_Dark,test_dark,256,256,124,97,155,146,31,49,1173,0.017899,1.0,0.942469,0.0,0.057531,0.0,0.0,0.0,0.942469,True,False,16.748,19.7206,17.6143,3.0156,4.5469,16.8884,20.3713,17.7611,2.7969,4.7344,369,1912,0,0.2705,0.196,0.135,0.6599,207.9251,0.4802,True
000113,FST_V_VI_Dark,test_dark,256,256,118,105,142,128,24,23,429,0.006546,1.0,1.0,0.0,0.0,0.0,0.0,0.0,1.0,False,False,16.6687,20.9002,17.657,2.5547,5.2344,16.6687,20.9002,17.657,2.5547,5.2344,130,708,0,0.3267,0.2197,0.1357,0.8804,155.5146,0.6112,True
000115,FST_V_VI_Dark,test_dark,256,256,104,144,141,174,37,30,751,0.011459,1.0,1.0,0.0,0.0,0.0,0.0,0.0,1.0,False,False,16.9678,20.392,17.8717,2.5938,4.9766,16.9678,20.392,17.8717,2.5938,4.9766,258,1420,0,0.313,0.2199,0.1534,0.7849,154.5165,0.6137,True
000121,FST_V_VI_Dark,test_dark,256,256,129,99,137,109,8,10,61,0.000931,1.0,0.681818,0.0,0.318182,0.0,0.0,0.0,0.681818,True,False,16.4886,18.5182,17.4139,3.5547,4.3281,17.6575,21.7853,18.5864,1.7031,5.5469,23,88,0,0.3169,0.1469,0.1548,0.9852,278.461,0.3038,True
000124,FST_V_VI_Dark,test_dark,256,256,47,127,68,156,21,29,496,0.007568,1.0,0.0,0.0,1.0,0.0,0.0,0.0,0.0,True,False,10.7605,-84.1766,100.9873,49.5625,-87.3281,17.041,20.7201,17.9652,2.5312,5.0938,163,724,0,0.3034,0.1916,0.1182,0.8605,32.6754,0.9183,True
000125,FST_V_VI_Dark,test_dark,256,256,10,87,142,224,132,137,8390,0.128021,0.735397,0.603922,0.0,0.0,0.0,0.396078,0.0,1.0,False,False,15.6311,17.1331,16.0869,1.625,3.4375,15.6311,17.1331,16.0869,1.625,3.4375,4462,17441,0,0.3346,0.5983,0.1181,0.0,154.315,0.6142,True
000127,FST_V_VI_Dark,test_dark,256,256,80,156,87,162,7,6,29,0.000443,1.0,0.808824,0.0,0.191176,0.0,0.0,0.0,0.808824,True,False,16.3696,13.8961,16.8021,3.7109,0.7578,16.8243,15.7126,17.0761,2.5938,1.3438,5,68,0,0.3371,0.196,0.1346,0.9937,287.8033,0.2805,True
000132,FST_V_VI_Dark,test_dark,256,256,93,103,124,123,31,20,482,0.007355,1.0,0.725316,0.0,0.274684,0.0,0.0,0.0,0.725316,True,False,16.5222,17.0117,17.2513,3.75,3.25,16.9495,18.8833,17.6752,2.9688,4.0391,146,790,0,0.3218,0.2081,0.1493,0.8645,298.9775,0.2526,True
000133,FST_V_VI_Dark,test_dark,256,256,112,150,136,176,24,26,500,0.007629,1.0,0.810484,0.0,0.189516,0.0,0.0,0.0,0.810484,True,False,16.275,18.9438,17.2813,3.9375,4.2734,16.6107,21.3477,17.6133,2.4844,5.3047,160,744,0,0.2863,0.1466,0.1373,0.8589,178.5171,0.5537,True
000137,FST_V_VI_Dark,test_dark,256,256,124,161,164,183,40,22,693,0.010574,1.0,1.0,0.0,0.0,0.0,0.0,0.0,1.0,False,False,16.7908,20.4757,17.7573,2.8281,5.0391,16.7908,20.4757,17.7573,2.8281,5.0391,192,1160,0,0.3036,0.2155,0.1178,0.8024,156.0137,0.61,True
000146,FST_V_VI_Dark,test_dark,256,256,59,202,71,211,12,9,69,0.001053,0.933333,1.0,0.0,0.0,0.0,0.0,0.0,1.0,False,False,16.7236,18.7107,17.5142,3.4453,3.8984,16.7236,18.7107,17.5142,3.4453,3.8984,30,126,0,0.4412,0.3723,0.1944,0.9837,154.5577,0.6136,True
000152,FST_V_VI_Dark,test_dark,256,256,132,151,140,164,8,13,78,0.00119,1.0,1.0,0.0,0.0,0.0,0.0,0.0,1.0,False,False,16.6779,20.5462,17.6392,2.7422,5.0469,16.6779,20.5462,17.6392,2.7422,5.0469,28,124,0,0.3768,0.2667,0.1574,0.9809,151.8446,0.6204,True
000153,FST_V_VI_Dark,test_dark,256,256,99,80,118,97,19,17,224,0.003418,1.0,0.863184,0.0,0.136816,0.0,0.0,0.0,0.863184,True,False,16.6382,19.3623,17.3364,2.4609,4.2031,16.9464,20.5098,17.6782,1.9688,4.6328,80,402,0,0.3865,0.2839,0.1888,0.9397,243.8006,0.3905,True
000160,FST_V_VI_Dark,test_dark,256,256,152,123,192,154,40,31,868,0.013245,1.0,0.950633,0.0,0.049367,0.0,0.0,0.0,0.950633,True,False,16.7786,20.4131,17.8213,3.3047,5.0156,16.9373,21.0049,17.9677,3.1406,5.1094,294,1580,0,0.3339,0.2629,0.1742,0.7508,170.1102,0.5747,True
000163,FST_V_VI_Dark,test_dark,256,256,69,149,87,179,18,30,412,0.006287,1.0,1.0,0.0,0.0,0.0,0.0,0.0,1.0,False,False,16.5588,20.1567,17.444,2.9141,4.6484,16.5588,20.1567,17.444,2.9141,4.6484,136,656,0,0.3257,0.2201,0.1288,0.8849,152.5658,0.6186,True
000170,FST_V_VI_Dark,test_dark,256,256,102,78,142,111,40,33,1060,0.016174,1.0,1.0,0.0,0.0,0.0,0.0,0.0,1.0,False,False,16.9983,21.2248,18.0424,2.5,5.5078,16.9983,21.2248,18.0424,2.5,5.5078,331,1620,0,0.2486,0.1556,0.1071,0.6931,156.7646,0.6081,True
000171,FST_V_VI_Dark,test_dark,256,256,121,118,134,128,13,10,100,0.001526,1.0,0.367647,0.0,0.632353,0.0,0.0,0.0,0.367647,True,False,11.0016,-83.7348,101.3042,50.2344,-87.2812,17.1356,21.7939,18.2016,2.5938,5.5625,42,136,0,0.3686,0.265,0.1371,0.9748,192.3604,0.5191,True
000172,FST_V_VI_Dark,test_dark,256,256,47,56,244,181,197,125,17335,0.264511,1.0,0.989117,0.0,0.010883,0.0,0.0,0.0,0.989117,True,False,16.8396,20.555,17.7636,2.6406,5.0,16.8396,20.7164,17.7813,2.6406,5.0625,6079,23247,0,0.2572,0.4293,0.1418,0.0,163.4068,0.5915,True
000181,FST_V_VI_Dark,test_dark,256,256,124,116,141,124,17,8,110,0.001678,1.0,1.0,0.0,0.0,0.0,0.0,0.0,1.0,False,False,16.745,20.5535,17.7695,3.3828,4.8906,16.745,20.5535,17.7695,3.3828,4.8906,33,164,0,0.3924,0.3144,0.1357,0.9724,162.4988,0.5938,True
000190,FST_V_VI_Dark,test_dark,256,256,99,96,129,135,30,39,906,0.013824,1.0,0.941062,0.0,0.0,0.058938,0.0,0.0,0.941062,False,True,16.8945,20.362,17.7077,2.7578,4.5312,16.7389,19.8671,17.6341,2.8125,4.7812,263,1544,91,0.2657,0.1563,0.1328,0.7388,153.1194,0.6172,True
000192,FST_V_VI_Dark,test_dark,256,256,126,102,149,119,23,17,301,0.004593,1.0,1.0,0.0,0.0,0.0,0.0,0.0,1.0,False,False,17.0441,21.7224,18.1164,2.8672,5.4297,17.0441,21.7224,18.1164,2.8672,5.4297,96,484,0,0.3249,0.2052,0.1295,0.9173,155.6617,0.6108,True
000195,FST_V_VI_Dark,test_dark,256,256,107,142,127,157,20,15,218,0.003326,1.0,0.807692,0.0,0.192308,0.0,0.0,0.0,0.807692,True,False,17.0929,19.7726,18.0546,3.5938,4.5703,17.0929,20.537,18.1092,3.0312,5.1562,69,390,0,0.3526,0.2298,0.1649,0.9413,212.8071,0.468,True
000200,FST_V_VI_Dark,test_dark,256,256,79,92,122,138,43,46,1406,0.021454,1.0,1.0,0.0,0.0,0.0,0.0,0.0,1.0,False,False,16.8976,20.7623,17.8418,2.6484,5.0781,16.8976,20.7623,17.8418,2.6484,5.0781,448,2572,0,0.2475,0.1803,0.1313,0.5898,155.0009,0.6125,True
000202,FST_V_VI_Dark,test_dark,256,256,24,79,108,194,84,115,7515,0.11467,1.0,0.846597,0.0,0.153403,0.0,0.0,0.0,0.846597,True,False,16.687,19.5207,17.5945,3.1406,4.6094,16.98,20.3492,17.8,2.1094,4.9062,2329,12138,0,0.1268,0.1772,0.1276,0.0,165.6619,0.5858,True
000206,FST_V_VI_Dark,test_dark,256,256,88,108,129,131,41,23,721,0.011002,1.0,1.0,0.0,0.0,0.0,0.0,0.0,1.0,False,False,16.8091,20.0056,17.6491,2.6953,4.6562,16.8091,20.0056,17.6491,2.6953,4.6562,228,1192,0,0.3215,0.2445,0.1346,0.7945,154.9895,0.6125,True
000207,FST_V_VI_Dark,test_dark,256,256,132,139,141,149,9,10,66,0.001007,1.0,1.0,0.0,0.0,0.0,0.0,0.0,1.0,False,False,16.7419,18.5891,17.551,3.4453,3.9844,16.7419,18.5891,17.551,3.4453,3.9844,30,92,0,0.3342,0.159,0.1932,0.9838,153.1783,0.6171,True
000208,FST_V_VI_Dark,test_dark,256,256,140,150,152,167,12,17,151,0.002304,1.0,0.479675,0.0,0.520325,0.0,0.0,0.0,0.479675,True,False,10.8551,-82.6846,100.3975,49.8359,-86.4766,16.8243,22.2681,18.2226,3.2891,6.1797,54,246,0,0.3441,0.2212,0.1382,0.9603,210.0446,0.4749,True
000214,FST_V_VI_Dark,test_dark,256,256,91,172,107,183,16,11,146,0.002228,1.0,0.818966,0.0,0.181034,0.0,0.0,0.0,0.818966,True,False,16.2262,15.6715,17.0154,4.5781,2.2969,16.5466,17.9729,17.1618,3.1328,3.3047,38,232,0,0.3418,0.218,0.1346,0.962,214.7337,0.4632,True
000215,FST_V_VI_Dark,test_dark,256,256,128,104,141,114,13,10,99,0.001511,1.0,0.845588,0.0,0.154412,0.0,0.0,0.0,0.845588,True,False,16.8488,18.9997,17.3481,1.6484,3.7891,16.9861,20.0928,17.5552,0.6172,4.3906,40,136,0,0.3431,0.2111,0.1417,0.975,227.5022,0.4312,True
000216,FST_V_VI_Dark,test_dark,256,256,90,106,160,175,70,69,3795,0.057907,1.0,0.952201,0.0,0.047799,0.0,0.0,0.0,0.952201,True,False,16.7908,20.358,17.703,2.6328,4.9531,16.9006,20.8867,17.82,2.4766,5.0781,1160,6088,0,0.0997,0.1274,0.1199,0.0,147.5852,0.631,True
000226,FST_V_VI_Dark,test_dark,256,256,110,117,134,135,24,18,298,0.004547,0.966667,0.753968,0.0,0.246032,0.0,0.0,0.0,0.753968,True,False,16.2048,17.612,17.0135,3.8438,3.4766,16.4734,19.0575,17.3627,3.625,4.1172,116,504,0,0.3551,0.2665,0.1272,0.9184,204.6623,0.4883,True
000231,FST_V_VI_Dark,test_dark,256,256,94,119,119,138,25,19,322,0.004913,1.0,0.79097,0.0,0.20903,0.0,0.0,0.0,0.79097,True,False,16.5894,18.9257,17.5212,3.7578,4.2031,16.9617,21.9872,18.054,2.8281,5.5,113,598,0,0.3438,0.2241,0.1652,0.9109,226.9029,0.4327,True
000232,FST_V_VI_Dark,test_dark,256,256,178,160,208,200,30,40,912,0.013916,1.0,0.620513,0.0,0.242308,0.137179,0.0,0.0,0.620513,True,True,16.5771,19.8374,17.205,3.125,3.3828,16.9739,22.2119,18.0963,2.4375,5.7812,271,1560,214,0.3167,0.2574,0.1344,0.7385,240.8773,0.3978,True
000233,FST_V_VI_Dark,test_dark,256,256,123,71,163,100,40,29,971,0.014816,1.0,0.850704,0.0,0.122535,0.0,0.026761,0.0,0.877465,True,False,16.7114,19.7024,17.6452,3.1797,4.6875,17.0654,20.8896,18.0134,2.7031,5.0938,291,1420,0,0.2385,0.1306,0.0975,0.7195,176.8277,0.5579,True
000239,FST_V_VI_Dark,test_dark,256,256,129,126,157,153,28,27,616,0.009399,1.0,1.0,0.0,0.0,0.0,0.0,0.0,1.0,False,False,16.864,21.1371,17.8994,2.875,5.2656,16.864,21.1371,17.8994,2.875,5.2656,181,966,0,0.2505,0.1108,0.1006,0.8244,155.6038,0.611,True
000241,FST_V_VI_Dark,test_dark,256,256,72,110,118,150,46,40,1498,0.022858,1.0,0.858898,0.0,0.0,0.141102,0.0,0.0,0.858898,False,True,16.98,21.879,17.7387,2.3047,4.5859,16.7664,19.9304,17.7183,3.25,4.7188,422,2360,333,0.2417,0.1853,0.1212,0.5633,163.4094,0.5915,True
000242,FST_V_VI_Dark,test_dark,256,256,32,56,189,191,157,135,1976,0.030151,0.119592,1.0,0.0,0.0,0.0,0.0,0.0,1.0,False,False,0.1526,1.0651,0.4701,0.1406,0.4219,0.1526,1.0651,0.4701,0.1406,0.4219,5278,25089,0,0.3353,0.2483,0.1601,0.8155,162.8083,0.593,True
000246,FST_V_VI_Dark,test_dark,256,256,140,121,159,134,19,13,190,0.002899,1.0,1.0,0.0,0.0,0.0,0.0,0.0,1.0,False,False,16.687,20.5122,17.6532,3.1172,4.8438,16.687,20.5122,17.6532,3.1172,4.8438,62,304,0,0.3526,0.2421,0.1389,0.9495,157.7382,0.6057,True
000247,FST_V_VI_Dark,test_dark,256,256,151,166,170,186,19,20,305,0.004654,1.0,0.344898,0.0,0.655102,0.0,0.0,0.0,0.344898,True,False,10.9863,-83.5327,100.8765,49.5625,-87.1719,16.9556,21.42,18.0738,3.0156,5.4844,87,490,0,0.326,0.2091,0.1272,0.9162,155.5324,0.6112,True
